bonus_id,employee_id,bonus_type,bonus_amount,bonus_date
b99ba383-056b-4662-bac7-aeaed688414e,E0000001,Performance Bonus,817.4,2022-06-30
c3946628-d0b1-4679-b25e-8f6c9a62cc6b,E0000001,Performance Bonus,526.15,2022-04-19
f83fe8a3-75a4-4c64-bc1e-665b128f1a85,E0000001,Performance Bonus,710.46,2022-08-21
5b61cb03-cc94-427c-b6c7-88d2757930f0,E0000002,Christmas Bonus,481.92,2021-12-25
4df78744-100d-461b-997e-28f96548b5c1,E0000002,Christmas Bonus,295.0,2022-12-25
4a017c42-fe2b-4c9d-8dc0-ba794731a1b4,E0000002,Christmas Bonus,298.82,2023-12-25
aa804c96-ef3f-4540-ad8b-2d2113788da1,E0000002,Christmas Bonus,382.89,2024-12-25
811b236f-a20f-4c7e-b261-2f1db09940dc,E0000002,Performance Bonus,1212.93,2021-12-28
1872be9c-503a-4657-818f-81fb5826ebdd,E0000002,Performance Bonus,1762.61,2021-12-30
d296934c-eb06-41b0-8540-16c918edd6a2,E0000002,Performance Bonus,1165.48,2022-04-03
c9b6b145-6d40-4fba-807d-4a120615971b,E0000002,Performance Bonus,1190.83,2022-07-24
97abea8c-0213-42c6-8c01-ecda4dfa1ed7,E0000002,Performance Bonus,1956.11,2023-04-18
b2b9acbc-8824-4cbf-8d15-1b0ac7e34cd7,E0000002,Performance Bonus,1097.47,2023-06-05
186c7ae1-78c5-43b0-a95e-a7426e7ea7f7,E0000002,Performance Bonus,752.18,2024-01-27
5295efe5-8bb7-4424-8ed7-7f9a46d24d14,E0000002,Performance Bonus,742.56,2024-01-12
cac3768a-5522-4829-8f88-08ba3a60447f,E0000002,Performance Bonus,798.55,2024-03-07
4033266b-a679-4253-a1b8-7db4720c108d,E0000002,Performance Bonus,666.92,2025-01-04
6f30ed07-9324-4bb1-ab2d-aee83be6915d,E0000002,Retention Bonus,2389.61,2022-12-25
f1f9524f-5d92-4df6-b546-77aed533f9b0,E0000003,Christmas Bonus,384.33,2022-12-25
6b81add0-7436-4b83-8716-b86da4fbd912,E0000003,Christmas Bonus,494.41,2023-12-25
b849720e-9c47-40ba-935c-8a775bdd346d,E0000003,Christmas Bonus,392.3,2024-12-25
e2c07997-7961-4a31-b972-6ef450439562,E0000003,Performance Bonus,593.09,2022-12-30
d09defe8-80ad-49e1-a5bc-0fd7a5eea7b1,E0000003,Performance Bonus,567.17,2023-03-28
b833d517-58df-410b-8dbd-01ecda65f7d1,E0000003,Performance Bonus,645.96,2023-01-30
7b563560-c4a4-405b-9b27-554cd9366f72,E0000003,Performance Bonus,1254.15,2024-09-20
6fb3f36c-d810-403f-8851-4a02b0f58fda,E0000003,Performance Bonus,1969.89,2025-03-15
0beced8f-6be6-4c34-b1de-fc7fc384e769,E0000003,Performance Bonus,1619.38,2025-03-10
48e5541b-131b-4fb2-9fca-a5bfd514d738,E0000003,Performance Bonus,1784.0,2025-03-20
9ad44249-9787-47c5-949b-11fda4da265b,E0000003,Retention Bonus,1024.78,2023-12-10
302edfdf-e266-4c29-92ea-10115aa43a85,E0000004,Christmas Bonus,334.14,2023-12-25
512b0155-2787-4b60-b340-13333fd3beae,E0000004,Christmas Bonus,445.41,2024-12-25
c49414bd-5c78-460d-ae29-7c36fb62202e,E0000004,Performance Bonus,915.8,2023-12-05
476844e9-6ca6-4193-bb88-b5f34c9cba8f,E0000004,Performance Bonus,880.67,2023-12-15
ffa649d1-3216-4230-93a4-878fcebab426,E0000004,Performance Bonus,1859.58,2023-08-21
dc51a08e-2188-494a-89b4-50f59dd971b3,E0000004,Performance Bonus,1564.23,2024-08-16
ab1bee3f-c867-4c8c-ad56-5a137f645776,E0000004,Performance Bonus,1748.98,2025-01-03
f49c14ec-d88f-47ea-9a5b-e0f82ee3fbee,E0000004,Performance Bonus,999.25,2025-01-11
fb6d3bd6-bf17-4584-86d5-99e4adf1ebf6,E0000004,Retention Bonus,2128.87,2024-08-08
5f852687-e235-4cf1-b0d7-789db9b536bb,E0000005,Christmas Bonus,481.84,2023-12-25
0044c43d-515f-4c32-826c-a13e94643e6d,E0000005,Christmas Bonus,312.17,2024-12-25
7abe4ab6-44bf-4590-901a-bcdb5d16cfc1,E0000005,Performance Bonus,1183.21,2023-08-16
b233514b-8d65-428e-9f3e-8e818e397743,E0000005,Performance Bonus,712.56,2023-06-10
a5f53966-ceb8-4048-beff-2206df2f3eca,E0000005,Performance Bonus,868.61,2024-03-22
35880020-eac0-4b52-af58-cd5d6cf14c96,E0000005,Performance Bonus,680.29,2025-04-26
672a7300-b670-4188-b9ae-d99b356ddd37,E0000005,Retention Bonus,1133.29,2024-04-20
7a967d90-eca5-4294-944d-017f75a54616,E0000006,Christmas Bonus,494.08,2021-12-25
6cc0fb7b-d692-4412-8e97-76ee9061593c,E0000006,Christmas Bonus,409.83,2022-12-25
eeb9ab4a-af62-493c-8892-26d0da0fcd16,E0000006,Christmas Bonus,201.57,2023-12-25
3b0b6f98-5271-455a-89d0-697881ae08c7,E0000006,Christmas Bonus,302.76,2024-12-25
8cff358f-2402-4a50-ae9c-6b1448551776,E0000006,Performance Bonus,1370.2,2021-02-07
5ea71459-278f-4d07-8dcf-7983e7229302,E0000006,Performance Bonus,1054.71,2022-03-31
de7e5309-e10f-4811-9ca3-a9dc9ba38b8d,E0000006,Performance Bonus,516.5,2022-04-12
d9034f5b-052e-4bfd-b720-df9c76332877,E0000006,Performance Bonus,1075.1,2022-12-25
074a82e3-c240-4ba7-93bb-7d2fe3409250,E0000006,Performance Bonus,806.68,2023-07-13
87723357-bfac-486a-a7fc-6d76a9c0fe36,E0000006,Performance Bonus,1387.68,2023-08-29
0f4066a3-6b6f-4788-a4cd-05cfe03c3aeb,E0000006,Performance Bonus,1020.36,2024-01-11
d303ecde-f7d1-4cd9-b4d4-d3fd179884aa,E0000006,Performance Bonus,1021.68,2024-03-18
8bfffce5-e621-4d10-9997-c5ce7273a791,E0000006,Performance Bonus,1077.22,2025-02-15
e0f9f63f-603f-4695-80b6-6c24ab689f31,E0000006,Performance Bonus,1942.59,2025-03-26
188b360e-5f03-44c6-a16c-4406c10c62fd,E0000006,Performance Bonus,1360.55,2025-01-05
4d5fcf3a-ecc6-42b1-b92b-a40e8811f5c9,E0000006,Retention Bonus,1760.38,2022-01-11
2538ac4b-4c5c-4b16-9478-21f521ee2918,E0000007,Christmas Bonus,309.46,2021-12-25
7c91f9f8-9d4f-451c-a1f1-a2928a4eb769,E0000007,Performance Bonus,1688.16,2021-07-15
7bd6513b-2f60-46c5-ad0b-89b06c66ca59,E0000007,Performance Bonus,1317.6,2022-01-08
cd1f2d85-e7c9-49f8-b227-cd8ea7accc54,E0000007,Performance Bonus,1006.8,2022-01-04
285a183f-22dc-48e4-9db4-af1102cebba1,E0000008,Christmas Bonus,494.55,2024-12-25
cac91f50-5519-4073-9f13-892f6baf1419,E0000008,Performance Bonus,795.33,2024-08-13
55f5f82c-f274-4edb-8778-815793e9599e,E0000008,Performance Bonus,1541.29,2024-08-14
97f856dd-6ecb-41e5-89f1-2eb81409fb32,E0000008,Performance Bonus,965.76,2025-03-03
4f559b0b-90a2-4128-8d65-d70c41c4061f,E0000008,Performance Bonus,557.1,2025-03-27
e50ca177-6f19-4307-81c9-0ddf4027d59d,E0000009,Christmas Bonus,400.9,2024-12-25
af8eeda3-af25-48e6-9a0e-c6316cc8cdd0,E0000009,Performance Bonus,1321.43,2024-10-15
61ce6913-92bf-4858-ac29-7bc5d161cbb1,E0000009,Performance Bonus,1366.19,2024-10-22
9c54b686-071b-4459-a67d-38905c2c99ce,E0000009,Performance Bonus,564.22,2025-01-18
ec1b0b60-579c-41df-8c59-b9030de547d4,E0000009,Performance Bonus,1032.54,2025-03-14
3e6cfaf9-f720-4a2a-990c-8968a17f5a45,E0000010,Sign-On Bonus,1407.92,2025-02-11
96fdb443-0377-40c5-a915-fba041ef7e34,E0000011,Christmas Bonus,312.24,2023-12-25
8f9ae1db-4328-4100-b89e-6cbc9c80fc9c,E0000011,Performance Bonus,1442.68,2023-03-13
002d6d8d-10a5-43b0-9c93-59dc792611fc,E0000011,Performance Bonus,991.08,2023-12-20
10f689e0-55a3-49a4-abad-c9e27548526c,E0000011,Performance Bonus,1185.74,2024-01-19
29ebfc34-cfa0-4d8a-8ce9-73f01cd92844,E0000011,Performance Bonus,610.17,2024-02-15
a233f7bf-0fbf-43f8-8173-115f2e093bba,E0000011,Performance Bonus,1224.28,2024-02-04
66b62079-da8a-4b02-a462-4f633f3b6a24,E0000012,Christmas Bonus,326.18,2024-12-25
27bab6d7-b2e2-4c1e-ab76-abea92c183b3,E0000012,Performance Bonus,599.76,2024-05-24
d4fbbb7b-f722-4a04-8735-31ac607fe189,E0000012,Performance Bonus,1244.55,2024-07-12
c7336553-872f-4408-9008-77fa9632edd8,E0000012,Performance Bonus,554.82,2024-05-07
1f24e947-37f6-43ac-b61a-6588a16ab2ec,E0000012,Performance Bonus,945.7,2025-03-21
d9987277-52fa-4e30-9636-a5676fcd0b39,E0000012,Retention Bonus,1740.47,2025-04-20
5cd40619-4b17-4ffa-983e-477646fb23aa,E0000013,Christmas Bonus,320.45,2021-12-25
389569a5-42ff-4a20-ac12-8ae99e39f956,E0000013,Christmas Bonus,362.71,2022-12-25
edc6b67e-8ca6-4f1d-80f9-60e263ae5f12,E0000013,Christmas Bonus,363.47,2023-12-25
df8ad8e9-432b-4fa2-85b0-7d21672f3f24,E0000013,Christmas Bonus,384.08,2024-12-25
2f011898-7640-4e03-8c9a-d93746b5b07e,E0000013,Performance Bonus,1344.54,2021-10-10
6f5180e9-9030-4cc0-8a8f-853d5e377ae2,E0000013,Performance Bonus,1442.34,2021-10-18
dbad00f8-8539-44a7-9427-b12b7a3b56e9,E0000013,Performance Bonus,927.51,2022-02-02
9ce37a92-f4dc-4e28-99cb-892836f7d52a,E0000013,Performance Bonus,1629.56,2023-09-23
852e6a83-f405-4a73-8755-00351f858d6d,E0000013,Performance Bonus,1951.86,2023-02-01
a265e1d5-330e-4aad-85fd-c3033bc3eaba,E0000013,Performance Bonus,1838.46,2024-06-15
5184d30a-759d-4939-a58a-bc38e920d273,E0000013,Performance Bonus,973.93,2025-01-19
0d4cf584-d478-4c41-bc96-ddfaab96e020,E0000013,Retention Bonus,1116.51,2022-07-07
c505e459-f79b-4886-88fd-6827028efb8b,E0000014,Christmas Bonus,351.91,2023-12-25
4be965e5-70be-4002-84b7-eb4c9f9ba745,E0000014,Christmas Bonus,327.84,2024-12-25
3b1792da-c56e-47b5-9baa-d03667c8a526,E0000014,Performance Bonus,1338.66,2023-10-22
057e7ccc-9989-42db-9828-7cb59c674483,E0000014,Performance Bonus,1401.03,2024-07-19
47e90064-90e7-431b-88df-4fa2d56e6840,E0000014,Performance Bonus,1531.5,2024-07-12
168ed5a3-9ff6-492e-9f41-bf9d3ca2409a,E0000014,Performance Bonus,1716.73,2024-11-23
11bbd68e-59c0-4635-be37-5daedffe4a07,E0000014,Performance Bonus,562.94,2025-01-26
5724986d-8b5c-44d6-8ae9-cf422c86096b,E0000014,Retention Bonus,2220.34,2024-06-03
47226181-9d9c-4e54-8714-974c88f0092b,E0000015,Christmas Bonus,261.2,2021-12-25
b3b37dc1-ab86-42aa-b02e-a1c78480b3f8,E0000015,Christmas Bonus,287.29,2022-12-25
61d61ce7-9422-47a7-900e-ff53f80de325,E0000015,Christmas Bonus,455.45,2023-12-25
68820973-9560-43fe-90cd-269655965a73,E0000015,Christmas Bonus,267.84,2024-12-25
de5a5fc4-615e-4d4c-925e-835cb47e46e4,E0000015,Performance Bonus,1396.57,2021-10-15
95017d19-23cf-4526-989b-29994bad9856,E0000015,Performance Bonus,1618.12,2021-10-14
a25762b4-5144-48d7-a8cb-a532dd93e146,E0000015,Performance Bonus,1811.16,2021-08-23
f4c640f5-2c7f-4580-be4d-e17cecdfab43,E0000015,Performance Bonus,987.08,2022-09-01
6d79b9ae-3783-4e39-92bd-1ed762977e78,E0000015,Performance Bonus,1201.08,2022-02-09
ddb89f40-19f7-4f9f-8482-f8dce96d3d84,E0000015,Performance Bonus,1306.8,2022-09-04
a8acfa3f-8547-4bb2-a0fa-2af0c47a71a3,E0000015,Performance Bonus,1314.23,2023-02-28
f3a2d9f0-30e4-4df0-a696-7f04eecbdc79,E0000015,Performance Bonus,1855.42,2023-04-11
a187c229-2104-441b-959b-716439494e9e,E0000015,Performance Bonus,1738.65,2024-04-29
a5a1022c-8236-4050-b7ae-aaf75f06707b,E0000015,Performance Bonus,573.09,2024-02-21
f4d78357-5c67-4dd5-bc26-041b65ff8a58,E0000015,Performance Bonus,1905.5,2025-04-22
661c40d6-6c69-4ce6-84fe-9e615b912104,E0000015,Retention Bonus,2400.94,2022-06-26
9f9d70f9-5100-40e7-a699-90ff9cba2fbd,E0000016,Performance Bonus,1003.15,2025-04-01
912451b5-9632-4b89-bfc3-45e6f5c6887b,E0000016,Performance Bonus,1279.89,2025-02-08
09890c70-4bcc-438e-945f-4d98fcb50660,E0000016,Performance Bonus,1335.58,2025-02-09
24d573b2-b399-4b3c-ac3e-b6c528e66327,E0000016,Sign-On Bonus,621.05,2025-02-19
9e13b171-58b1-4e80-a10f-ecf83df4fc12,E0000017,Christmas Bonus,223.64,2022-12-25
d99c6edd-3e1a-4f5f-81c6-b479ee4dc708,E0000017,Performance Bonus,514.18,2022-12-02
6b99449c-17a8-4129-94c0-7afce2d9f6a6,E0000017,Performance Bonus,1828.11,2022-12-27
12790e49-4326-4be0-92c0-94ac72841079,E0000017,Performance Bonus,1457.03,2023-08-16
31eec780-df9d-4cf8-a6fb-c1a9c14b4ece,E0000018,Christmas Bonus,328.42,2021-12-25
7e772644-ab7d-4468-a0bc-4036e130f28c,E0000018,Christmas Bonus,432.08,2022-12-25
ed91329e-0e6f-4b32-a74d-9bf1f5770fa7,E0000018,Christmas Bonus,286.84,2023-12-25
850e4530-17ef-41ed-bb0f-78567da99e12,E0000018,Christmas Bonus,411.77,2024-12-25
0619049c-bcf2-47c0-8e6f-1a6514ce3a86,E0000018,Performance Bonus,1201.95,2021-09-21
75b86316-57e4-45a3-8ce7-8b917458c3a1,E0000018,Performance Bonus,1505.14,2022-02-21
c3c34529-dad7-4aaf-9c6c-eb1ba5669eeb,E0000018,Performance Bonus,1517.81,2022-08-20
c0238163-0b54-42a7-9aca-afceddd596ea,E0000018,Performance Bonus,1372.49,2022-09-19
d7bf66f8-0c72-4ca8-85dd-5bda9aa437ef,E0000018,Performance Bonus,1085.19,2023-08-31
f7e06e6e-b84b-48f5-8be1-acb38fc4fef8,E0000018,Performance Bonus,896.91,2024-08-12
b824e9ba-e5ac-4ad8-b50c-2b8597f9c0f4,E0000018,Performance Bonus,1509.5,2024-10-05
1d7f7d6b-0896-4e59-a651-5d23daa857b3,E0000018,Performance Bonus,1640.59,2025-01-16
88da5b6e-3f11-4940-8eff-59a00c54400f,E0000018,Performance Bonus,1346.11,2025-01-04
6d59d4f5-df6e-4bcb-b832-90fa0e398146,E0000018,Retention Bonus,2440.46,2022-05-27
eec2c1ca-b392-40f1-8555-5eae6b91214b,E0000019,Christmas Bonus,448.97,2021-12-25
129fd35b-ae1f-490f-9915-a10b8b8199f6,E0000019,Christmas Bonus,213.61,2022-12-25
0ab83014-6097-48f0-ac77-c9e5548888b4,E0000019,Christmas Bonus,251.39,2023-12-25
8b00a90f-d129-4a9d-aa85-9d8252e3d085,E0000019,Christmas Bonus,320.11,2024-12-25
fe634241-dca5-499a-a7fd-16994c8b9cad,E0000019,Performance Bonus,1181.06,2021-11-13
ac28efd2-af23-4504-ae23-b0987ae306c6,E0000019,Performance Bonus,1193.37,2021-11-30
8a4dd244-3d94-44ee-9c3e-c3f75cb547ec,E0000019,Performance Bonus,1232.2,2022-10-27
ebfcba48-1881-4a53-a4bf-b941cf22fd6c,E0000019,Performance Bonus,773.92,2022-08-26
a1947329-f3b4-4f98-b241-2f12e664c18c,E0000019,Performance Bonus,1424.1,2023-02-24
431af9b8-4b99-41da-9acd-8bdb2f310a61,E0000019,Performance Bonus,701.3,2023-08-29
8ba46962-e3da-4264-b23b-ca1db883de1f,E0000019,Performance Bonus,936.76,2024-03-24
a64a2d6f-4b94-422f-b910-c0890d65ce88,E0000019,Performance Bonus,1777.33,2024-04-25
a789b42f-ec25-49f2-a3b4-39a5b8106433,E0000019,Performance Bonus,1630.33,2024-05-20
1bb1675a-fa72-42a6-8ddd-cd83f89fbe48,E0000019,Performance Bonus,1948.04,2025-01-18
e4c2dab0-880d-4eaf-99f3-57822b33e395,E0000019,Performance Bonus,679.09,2025-03-23
89985988-5884-448e-961b-e7601b0aef31,E0000019,Performance Bonus,1439.14,2025-03-14
01b08f0b-3dcf-4bb8-9dc1-92450d6b5513,E0000019,Retention Bonus,1153.31,2022-08-05
b4a3bde4-94d7-42d5-9a93-216409f18fa9,E0000019,Performance Bonus,699.89,2021-04-03
e367ddec-82ff-4a99-9749-96701e9d87be,E0000019,Performance Bonus,981.71,2021-07-16
56272e14-623b-47c4-a564-1d540b207bd7,E0000020,Christmas Bonus,431.63,2024-12-25
b9bf520e-4b33-4a15-8d7c-232944185451,E0000020,Performance Bonus,1580.92,2024-12-23
26bc16ed-9bb3-4d97-b30e-263bcb2b547b,E0000020,Performance Bonus,1545.38,2024-12-27
4d7af4d0-3ef2-4af8-b83b-490c4aabd66c,E0000020,Performance Bonus,515.56,2025-01-16
426bda95-5721-4231-a740-e76ae81cc791,E0000021,Performance Bonus,1848.49,2025-04-02
e539747b-f06c-4d8e-b073-ace453aecc81,E0000021,Performance Bonus,813.41,2025-04-06
6b4fd9e3-552a-481a-9029-ea2d139702b0,E0000021,Sign-On Bonus,1338.26,2025-04-02
e608024e-3e4f-4363-b3a4-86cc9ea96e81,E0000022,Christmas Bonus,375.22,2024-12-25
5b173895-1729-4c6f-ada3-46dd1d916b9f,E0000022,Performance Bonus,960.05,2024-12-22
7f362485-f338-4229-b5ad-c2eb84241220,E0000022,Performance Bonus,1418.25,2025-01-01
4622bb1e-d7af-40de-8e46-7f10a332f067,E0000022,Performance Bonus,643.86,2025-01-04
846991a8-628b-4fc7-bff9-7f10df81814f,E0000023,Christmas Bonus,407.95,2022-12-25
51b2b9e3-f38b-4263-acfa-9fbbe9feccd6,E0000023,Christmas Bonus,311.31,2023-12-25
c527d489-ff43-40fe-85b0-ac9e5b584304,E0000023,Christmas Bonus,365.68,2024-12-25
1c04c152-e1b1-4bcf-8117-910016aaa9a9,E0000023,Performance Bonus,641.23,2022-08-14
af6f5595-5404-4053-a164-c79ea5ca6cdf,E0000023,Performance Bonus,1631.94,2023-08-15
e7b862ef-395c-406a-a266-8d910bdc47c9,E0000023,Performance Bonus,1289.99,2024-10-23
4716f260-9348-4e85-98fc-b02946c96c6e,E0000023,Performance Bonus,1927.81,2024-05-28
938b7f8f-9e76-47d2-8054-8d7488a45518,E0000023,Performance Bonus,1715.4,2024-11-09
5da65dfa-12b0-46c2-ad4f-f234e3d7d806,E0000023,Performance Bonus,1322.37,2025-01-29
a04ef0c9-1dab-4e9a-8dbe-aebea6afe42c,E0000023,Retention Bonus,2755.54,2023-04-25
a6370efc-6c16-4d1b-9a39-37cade16bb7a,E0000024,Christmas Bonus,290.03,2022-12-25
5e1d9be7-9435-4111-ac37-457910c69180,E0000024,Christmas Bonus,347.16,2023-12-25
7f871689-031e-4323-946a-5320400d12db,E0000024,Christmas Bonus,413.0,2024-12-25
384d1fe6-a6e4-4620-9b4d-aa6cd8056374,E0000024,Performance Bonus,1861.85,2022-09-27
b8642436-89e3-4397-809c-999839251973,E0000024,Performance Bonus,1134.55,2022-09-13
5741d0b5-cefe-454f-bfca-e32728b9b706,E0000024,Performance Bonus,1646.64,2023-04-04
2dea1a9b-6d1e-45b2-9062-4971832ef249,E0000024,Performance Bonus,1058.57,2024-11-14
27599c09-b9c2-41b4-b34d-ffdbe32a794b,E0000024,Performance Bonus,1008.51,2024-03-02
36a81768-2e8f-4ab1-8be5-e8487181ac97,E0000024,Performance Bonus,1199.1,2025-03-18
db5f7ff8-8877-464c-94fe-54c592dee519,E0000024,Performance Bonus,808.51,2025-02-01
38640c58-e8e6-4a84-aa14-19a3966494c6,E0000024,Performance Bonus,781.09,2025-01-15
c06b6362-8c8a-4463-8095-092d8a5cc2c9,E0000024,Retention Bonus,2166.88,2023-08-18
03d8d3b0-b7da-4043-a220-8b14831c7a30,E0000025,Christmas Bonus,287.37,2023-12-25
3990a5f8-fa3e-4e2d-b308-b1c997cf9866,E0000025,Christmas Bonus,493.5,2024-12-25
2f631bc4-b325-4458-980e-415c45a4ba05,E0000025,Performance Bonus,1238.48,2023-09-11
362b2e58-ce73-4a00-9fe4-2e81b85647c0,E0000025,Performance Bonus,918.74,2023-05-10
05797c54-7f58-4eaf-96da-dd676ee1fb6a,E0000025,Performance Bonus,1733.17,2023-11-05
be2ae1e9-6ef4-4e3e-82db-87c659ec6319,E0000025,Performance Bonus,1688.25,2024-03-26
563db96b-3ac5-4a0c-9ff4-026cbd03b9e5,E0000025,Performance Bonus,976.01,2024-03-25
199870ec-d5ed-4be1-9589-ae79fe1e9e26,E0000025,Performance Bonus,1849.12,2024-12-13
cae89a43-f38a-4d04-aad9-fb308ebf176c,E0000025,Performance Bonus,1506.2,2025-02-06
c4ed2ec9-7b78-4202-ae97-6e4227eaf572,E0000025,Performance Bonus,1347.26,2025-01-14
0edfb04b-4dd1-4a44-a26a-aaa1997acb74,E0000025,Performance Bonus,1780.5,2025-02-17
17a38976-f862-4d58-ac74-4cd50aca6a3f,E0000025,Retention Bonus,1690.58,2024-03-04
85ec99d4-88c4-42c4-bb90-9501fb02131b,E0000026,Christmas Bonus,399.6,2021-12-25
48aab7c1-bb7b-4855-911d-37b2b2613a5e,E0000026,Performance Bonus,1350.11,2021-09-29
a4bcee52-8472-4486-bfac-e453c5a23830,E0000026,Performance Bonus,1350.53,2021-12-20
4372a710-a556-4801-9449-c9f3959463b1,E0000026,Performance Bonus,830.06,2022-04-18
f4714a28-2140-407a-b418-7adf8ba393a1,E0000026,Performance Bonus,1008.24,2022-05-22
03c253c5-1f1f-4a11-850c-920f5176c0a5,E0000027,Christmas Bonus,411.96,2023-12-25
af3fdd15-84b9-45ad-b576-67a450872006,E0000027,Christmas Bonus,449.6,2024-12-25
ce2b7ba1-a2ca-4fca-b216-6adbce41517c,E0000027,Performance Bonus,1801.77,2023-04-29
94ff49c2-88be-4991-b41e-72e2b2d3181e,E0000027,Performance Bonus,1461.92,2023-08-06
c5dfddd2-3aa0-402d-aa76-e8218af445a5,E0000027,Performance Bonus,1396.08,2023-10-09
ccb422ab-f6a5-4e05-9351-d0ea923b64c0,E0000027,Performance Bonus,1336.77,2024-09-23
466d0610-0394-4cca-abae-22c9fa5c9133,E0000027,Performance Bonus,1295.66,2024-12-21
4b6b5b13-5de8-4c1b-a8fe-bda63bddac11,E0000027,Performance Bonus,668.58,2025-04-28
d2599764-6cfe-4e4b-afce-ce6eb8937b69,E0000027,Performance Bonus,1136.86,2025-01-15
98e37db8-bd69-426e-90bd-d0309db8416b,E0000027,Retention Bonus,2935.83,2024-03-17
b73e953b-c8a8-4d0f-b839-356019e74611,E0000028,Christmas Bonus,492.92,2022-12-25
88d8c03b-bd3e-41af-8d02-0daa33188dde,E0000028,Christmas Bonus,409.3,2023-12-25
6db1244b-47f9-4f79-9077-f74dae8ad37f,E0000028,Christmas Bonus,406.79,2024-12-25
494cca19-9412-4b68-916f-e7d45743db37,E0000028,Performance Bonus,560.51,2022-05-14
93c65528-55ff-4605-be80-15a9e66443fe,E0000028,Performance Bonus,525.92,2023-05-04
846858fe-5aa9-40c9-beac-93195947af15,E0000028,Performance Bonus,1405.91,2024-04-04
254ae1a7-6214-4a2c-a7f8-9292e2261841,E0000028,Performance Bonus,916.68,2024-07-17
e88aeb0b-c6f9-417a-bfbf-873204c65875,E0000028,Performance Bonus,556.96,2025-01-23
43274775-15c3-44e2-b695-18896c10d34b,E0000028,Performance Bonus,1729.99,2025-02-14
747ed6fa-6bea-495f-bf35-374abdc10163,E0000028,Retention Bonus,1027.13,2023-05-14
1769f5a9-5b1c-4e96-8f65-24e9f1ac5ed3,E0000029,Performance Bonus,1678.38,2025-04-23
deec97a6-43ed-4ea7-8401-1a24965e2179,E0000029,Performance Bonus,953.79,2025-04-18
ef4cdc7b-dc35-4faf-a31f-6610e003f346,E0000029,Sign-On Bonus,1282.26,2025-04-03
9bab36d1-5e4e-40e4-9f16-1810f1a4c554,E0000030,Christmas Bonus,377.52,2021-12-25
4e9b8c03-6844-40ee-a253-520687b198e7,E0000030,Christmas Bonus,375.04,2022-12-25
bf896d9d-7e48-4b5d-a089-6327f6b80bad,E0000030,Christmas Bonus,203.63,2023-12-25
e25eeb24-e2cc-4494-bb49-d20ac39035be,E0000030,Christmas Bonus,452.28,2024-12-25
546c3300-5cb5-46fb-8cda-c25054a20697,E0000030,Performance Bonus,754.16,2021-08-06
1936e7bd-74b1-4d93-b051-5a39dc985d36,E0000030,Performance Bonus,1211.21,2021-08-09
54d632ff-bff5-42ed-b8db-9b79a1fbb665,E0000030,Performance Bonus,1284.44,2021-12-07
9d3de7a4-508d-4452-9876-e168e41becd8,E0000030,Performance Bonus,1621.74,2022-10-22
e16a8ee9-7b67-4ce0-8bfd-164da89625d3,E0000030,Performance Bonus,1686.91,2022-10-21
a6166236-11d9-42be-91dd-b58946ab7d38,E0000030,Performance Bonus,1563.89,2022-12-11
9b0e3d60-0551-4c42-8fdb-ec6e50ddffab,E0000030,Performance Bonus,1075.57,2023-12-11
0e84cdda-51d4-4fb8-a667-d20799fa8348,E0000030,Performance Bonus,839.31,2023-12-14
4695624b-01cd-4c5e-8d33-e6156e280aa0,E0000030,Performance Bonus,1907.65,2023-02-17
882ec2e2-15c4-4237-8b7c-03e25bb7e84a,E0000030,Performance Bonus,595.67,2024-01-13
69236809-5404-4091-abf3-7af7adfa2778,E0000030,Performance Bonus,818.12,2024-12-13
8b0dbcbe-4a1a-4a30-8c4d-4fe62920c3f0,E0000030,Performance Bonus,1728.37,2025-02-03
9977216c-c838-4246-9e4c-21e3676a718a,E0000030,Performance Bonus,1504.41,2025-01-04
e390b227-d8ff-4dda-ac9d-c636aa9655df,E0000030,Retention Bonus,2413.21,2022-07-29
fbee0777-9146-470f-b840-0502bdf9fb32,E0000031,Christmas Bonus,466.94,2022-12-25
c636af55-2283-48c5-b9e5-4aed60afa942,E0000031,Christmas Bonus,437.49,2023-12-25
634c2ad9-af17-4c71-b565-48bfcd22669e,E0000031,Christmas Bonus,269.83,2024-12-25
1d401e96-b0ae-41c3-9aff-2223dd29a58a,E0000031,Performance Bonus,617.63,2022-08-15
f3b6ba8f-4ab1-4251-a3b1-022cf6ad90b2,E0000031,Performance Bonus,1594.18,2022-11-02
da0d0ee1-65d7-4d49-a18a-9d5af74e3c32,E0000031,Performance Bonus,1057.98,2022-07-17
d07dd88f-41ef-40b8-8f81-1d3bfc0e383d,E0000031,Performance Bonus,727.56,2023-08-22
41aa1cdc-d811-494b-b184-60ab46273fa2,E0000031,Performance Bonus,1747.25,2023-08-31
cf485461-f18a-4e46-bb5e-c2ab23357d8e,E0000031,Performance Bonus,716.52,2023-09-28
e8fed9b3-f0be-4563-b6f1-73bf10024cb3,E0000031,Performance Bonus,627.31,2024-05-14
4a711d0c-b5c1-4e9f-9efb-f13663a13bc2,E0000031,Performance Bonus,1769.61,2024-03-09
47db373d-672c-4d4d-aa9d-3150d305dce0,E0000031,Performance Bonus,872.73,2024-08-20
cbdfde22-f1ea-4142-ae00-e43e002a71b9,E0000031,Performance Bonus,1220.51,2025-04-09
f0c2bbef-ca0d-4f5b-90e0-beaee8b42ae6,E0000031,Performance Bonus,1932.81,2025-04-14
e0338b59-6bdf-4029-be97-5d80f9b4907a,E0000031,Performance Bonus,757.58,2025-01-18
17f316c3-6506-4cf7-bd3f-81d7246f093f,E0000031,Retention Bonus,2075.47,2023-06-03
0a353f2c-95c3-4c36-a663-f4cfe0122ae3,E0000032,Christmas Bonus,362.12,2024-12-25
d01f3b8e-997b-4588-ba7f-ac744165e020,E0000032,Performance Bonus,1057.91,2024-08-07
310fdce6-ecc7-4786-bc86-7281635d93d3,E0000032,Performance Bonus,916.9,2024-07-21
5b8beee7-3e84-4fd2-bef9-07451e93c373,E0000032,Performance Bonus,678.18,2025-04-22
d9f43624-c74c-493b-a6e8-1e13e1e7c2b8,E0000032,Retention Bonus,2368.74,2025-03-13
64d40e23-2e2b-48dd-89ae-f27ce733cb29,E0000033,Christmas Bonus,435.94,2022-12-25
6975e67b-2335-49d0-a4a6-50d255df774a,E0000033,Performance Bonus,1580.46,2022-01-31
1a86635d-e60c-4959-8da2-a7fd29b8e6b0,E0000033,Performance Bonus,1328.15,2023-01-03
00fa2ebb-fd99-454c-b82e-a3effe749e2f,E0000033,Performance Bonus,592.1,2023-01-06
3c24ce6f-2a41-4139-bf5e-a0f28cf4f433,E0000034,Christmas Bonus,272.78,2023-12-25
b57e175b-5811-4bf9-a161-bc074900c250,E0000034,Christmas Bonus,317.78,2024-12-25
c7067fc0-1473-4680-8fa8-815765b36f67,E0000034,Performance Bonus,1541.43,2023-09-16
aeccaa54-471f-4177-82c8-14f8647dd56a,E0000034,Performance Bonus,692.6,2023-07-04
9cac6976-a0bf-4d6b-b979-b9c597d03c1e,E0000034,Performance Bonus,1866.86,2024-12-08
1ca25cba-cbeb-4943-9e5f-55425f62563d,E0000034,Performance Bonus,1438.72,2024-06-07
8d67410d-c7e1-42cc-914d-9ed3f0bce534,E0000034,Performance Bonus,797.07,2024-12-01
e3e28501-e501-43d6-97c4-20e761550824,E0000034,Performance Bonus,1222.02,2025-03-27
efe5e947-716c-471a-be91-858e6fc71b86,E0000034,Retention Bonus,2581.11,2024-06-02
9883ca57-8f46-4b6e-a0e1-a08768af854e,E0000035,Christmas Bonus,315.52,2024-12-25
2793d15f-c74d-4b2b-b008-99ea66fa3c3d,E0000035,Performance Bonus,1180.12,2024-12-14
ce76bd47-8191-46ef-8f9f-e95a721c6374,E0000035,Performance Bonus,646.29,2024-12-20
9d105dbb-97a8-4fd2-9d34-ffe7846b428d,E0000035,Performance Bonus,1006.02,2024-12-22
72a24da4-4e9c-4370-85ea-f3433b62572c,E0000035,Performance Bonus,706.75,2025-04-17
fbc20912-1540-419a-a52b-daa1c2473abc,E0000035,Performance Bonus,1502.78,2025-01-16
76bf4717-7b57-412c-a75f-c9834b1f1766,E0000035,Performance Bonus,1651.89,2024-07-26
cc4b6ec9-6ea9-423c-bdb4-645bbd8390db,E0000035,Performance Bonus,1044.72,2024-10-24
d06a697e-b9be-48b3-92f9-c150be6939f0,E0000036,Performance Bonus,1053.26,2025-03-19
af8a6dee-c508-4dab-a68c-b8f0eac3eea8,E0000036,Performance Bonus,1833.78,2025-04-14
2bfedf59-30f6-4cbe-b481-11c3baf378ec,E0000036,Sign-On Bonus,996.34,2025-02-11
37602146-9697-4a99-83fe-82558003d68d,E0000037,Christmas Bonus,206.18,2022-12-25
ac264cec-bfc3-4ee0-a090-017ff7927fe3,E0000037,Christmas Bonus,233.48,2023-12-25
e4beea8f-9f0f-400f-acb7-f1ae9729beda,E0000037,Christmas Bonus,345.74,2024-12-25
0888b62e-0cb5-4387-bf97-c940e8c0037d,E0000037,Performance Bonus,1419.47,2022-11-26
c02bab40-4b2c-45aa-add8-d0b776161f3a,E0000037,Performance Bonus,834.23,2022-12-19
ddc80166-886f-4f26-8087-edf683a1423c,E0000037,Performance Bonus,617.32,2023-03-29
0909d294-e9c5-46df-97d6-356f3cca8d11,E0000037,Performance Bonus,877.04,2023-06-29
767985f5-f2a1-489d-9c63-0824bc81c3a7,E0000037,Performance Bonus,1877.28,2023-08-19
ce0e06cc-fb7f-4657-8dee-dc235d20be30,E0000037,Performance Bonus,1336.97,2024-12-28
99f2b50f-b1bb-4efd-9b85-a2a7b99562d6,E0000037,Performance Bonus,1381.95,2025-01-25
20ad6551-c1c0-4498-8792-a71fd4c4ba63,E0000037,Performance Bonus,1249.94,2025-04-22
18626efb-60b9-4810-92e3-d881cb5f6772,E0000037,Performance Bonus,1059.11,2025-01-05
9a5ad0c4-2830-41de-8ebe-e0f7cf80378d,E0000037,Retention Bonus,2691.0,2023-10-30
c390dde9-0f84-4e7e-a8ef-15da4952c924,E0000038,Christmas Bonus,306.95,2023-12-25
1ffbf4cd-8703-4bbd-a1b3-ef355d03c9e7,E0000038,Christmas Bonus,430.67,2024-12-25
6b3603ce-5ab2-47c0-98ba-09cc2388f582,E0000038,Performance Bonus,1926.22,2023-11-07
e933b5fb-20c3-4708-b8be-3b459a9c71fb,E0000038,Performance Bonus,752.74,2024-07-13
f0a42ad3-dd37-45a4-9301-787f60ec4a1f,E0000038,Performance Bonus,1880.91,2024-03-14
3a9ac494-c3c8-414f-bc01-f78d14b06efe,E0000038,Performance Bonus,1693.7,2025-01-01
97666967-220d-4965-a573-8fb97cad3e1e,E0000038,Performance Bonus,527.87,2025-03-23
c80202e5-1904-44fe-8620-79841ea676f2,E0000038,Performance Bonus,1378.46,2025-02-17
ac81b4de-f3ac-4e39-a0c4-cd5ba18e44e3,E0000038,Retention Bonus,1180.83,2024-08-23
11e46ac7-5ee4-4c91-a638-a931826e8913,E0000039,Christmas Bonus,472.82,2022-12-25
358514c6-d99b-468b-97ba-d70a591575e7,E0000039,Christmas Bonus,489.04,2023-12-25
b1a69575-188b-4441-825d-ea00b7a48978,E0000039,Christmas Bonus,473.62,2024-12-25
437f0b65-3ed3-416e-996a-3f7ff2bbfa47,E0000039,Performance Bonus,1008.68,2022-12-28
aff5f874-d406-4b38-9705-8e4134410733,E0000039,Performance Bonus,889.07,2022-12-28
539ad091-a834-4ef4-893f-90e7703903b6,E0000039,Performance Bonus,1031.87,2022-12-24
6cf6db71-1482-4453-a3ed-5ed61b90c2e5,E0000039,Performance Bonus,766.67,2023-08-20
ec8c3c41-7936-4df3-b01e-a77a41f9018e,E0000039,Performance Bonus,1878.54,2023-09-02
aabbaf91-e843-4367-a754-63b8bdcdc44b,E0000039,Performance Bonus,970.08,2024-04-09
fe0dde70-f49e-47a3-b9e2-47b4024a6985,E0000039,Performance Bonus,1076.71,2024-07-26
ed0f30f6-0b02-46c3-ac99-68a3a7dcaf18,E0000039,Performance Bonus,1081.06,2025-03-31
10562eda-4147-4d44-b37e-f9dbd87122bb,E0000039,Performance Bonus,736.37,2025-04-14
7c3c97f0-06f3-4fd4-862a-f404099467c9,E0000039,Retention Bonus,1884.11,2023-12-22
9a15635f-6c62-4396-80bf-1eecebd57166,E0000040,Christmas Bonus,416.6,2024-12-25
9759d4ef-87b1-4387-a3d0-6a4606f3bc94,E0000040,Performance Bonus,602.25,2024-11-13
aa8a598d-a4e3-4dd8-9af2-55e396d0d579,E0000040,Performance Bonus,1917.07,2025-04-16
bc650539-bd32-47ad-816d-3015597b1754,E0000040,Performance Bonus,556.46,2025-01-06
9f3077d5-1e01-455b-8e0a-35187b13be70,E0000041,Christmas Bonus,388.65,2022-12-25
5e66c3db-96d2-4021-a794-1dbcf68c983b,E0000041,Christmas Bonus,287.64,2023-12-25
ce635318-4ee8-4931-a5da-2da09c1855d9,E0000041,Christmas Bonus,344.83,2024-12-25
8c97c976-06b6-4363-916d-733c8893d8d4,E0000041,Performance Bonus,520.43,2022-12-17
d1b7fb2f-feb8-4d9f-9cd2-e83aaac39c8c,E0000041,Performance Bonus,1641.53,2022-10-31
976a504d-bd47-4ee1-ab90-be4b5dd6a46e,E0000041,Performance Bonus,938.54,2023-03-22
3afcefc9-f0ce-47b6-b80f-6bbcd6bc3325,E0000041,Performance Bonus,818.59,2023-03-05
fb5faca6-bd74-4e06-9b23-f1b03fcf759a,E0000041,Performance Bonus,1878.8,2024-10-24
3bf6963f-6fd7-4f98-b349-cbe1988a2a7f,E0000041,Performance Bonus,1396.99,2024-04-03
1ecd659c-7cac-499e-882d-6bffe4cc8c87,E0000041,Performance Bonus,1503.63,2024-01-16
11dd25d9-23b8-4cda-b8c0-ffd41b532fb3,E0000041,Performance Bonus,1426.63,2025-04-12
0b18d079-4eea-4c78-85ae-15fd7b031956,E0000041,Performance Bonus,1515.1,2025-04-15
dbd26bd5-85fb-455d-8b23-f8f8185bb7a5,E0000041,Retention Bonus,2684.39,2023-10-26
2d9fca5b-f685-47d2-8322-1db3cc8a9985,E0000042,Christmas Bonus,317.99,2022-12-25
2532efc9-31ef-4325-8c55-d5dcc44d05b3,E0000042,Christmas Bonus,427.76,2023-12-25
db7dbe4f-a85e-4654-9278-9557ac7c22a3,E0000042,Christmas Bonus,244.01,2024-12-25
38bfdf42-6742-4efc-8c72-b72022c4ccb7,E0000042,Performance Bonus,907.78,2022-10-04
f6d67d2a-fa33-4ca4-920e-d67d9c95114f,E0000042,Performance Bonus,1534.88,2022-11-01
86c9d2e3-84fa-4cec-b0a8-b3c5df13a420,E0000042,Performance Bonus,1983.36,2023-04-27
f44fceb2-59c3-43d3-b58e-2838f3906d26,E0000042,Performance Bonus,813.53,2024-06-08
9a61e33a-4162-4c37-9854-c7786ced3288,E0000042,Performance Bonus,1037.22,2024-08-16
1812c2ca-e506-43af-b4d3-23afa5e7e101,E0000042,Performance Bonus,1369.3,2024-01-23
efed0e8e-4edc-4f11-8f37-36f181fdc02f,E0000042,Performance Bonus,974.42,2025-04-10
e05bb16b-d535-4fb1-a0e6-e5c3e932e348,E0000042,Performance Bonus,660.51,2025-02-08
47aa916b-eae5-4ef9-a17a-e17f562f7dad,E0000042,Retention Bonus,2237.48,2023-09-18
31437548-6e5a-4815-a44a-00e380259003,E0000043,Christmas Bonus,380.2,2023-12-25
2668add3-6c7b-4d40-bbfc-d7ac1b1676c3,E0000043,Performance Bonus,1524.78,2023-11-12
dfe18a61-f331-41a7-b93f-112a8978c307,E0000043,Performance Bonus,1180.72,2023-07-22
29760dad-3abb-450b-8686-4769e71272cd,E0000043,Performance Bonus,649.7,2023-07-24
33748fd7-d83b-42cb-9bd2-cb63d61cbf54,E0000043,Performance Bonus,1619.92,2024-01-06
a2ba0215-1a77-4038-9d47-bdeda7867092,E0000044,Christmas Bonus,469.33,2023-12-25
a01fd4e0-69b9-4945-a024-45299eb0b394,E0000044,Christmas Bonus,258.57,2024-12-25
5d84a39d-88af-43c2-bc20-8a84a4bb7fb6,E0000044,Performance Bonus,1963.79,2023-05-05
7cba1b6c-1246-4eb1-b68f-ff35171a8502,E0000044,Performance Bonus,989.94,2023-12-01
428f9693-25c4-49b7-b2d7-b1dd4d071918,E0000044,Performance Bonus,1800.42,2024-11-07
3f7c8b2b-d583-4573-92fa-5cef4f4d41b6,E0000044,Performance Bonus,1103.85,2024-10-04
35b15480-121a-4112-8003-b1a899295195,E0000044,Performance Bonus,1216.74,2024-02-26
fbfe42d6-2f8d-4692-8b11-cc5e7817c767,E0000044,Performance Bonus,618.12,2025-04-06
635bf60d-f353-4318-a7ae-bdc62b09539c,E0000044,Performance Bonus,1810.97,2025-02-21
ffb78e44-9936-4d3d-8a34-c10df48175a2,E0000044,Retention Bonus,2588.59,2024-02-12
0c4f92e6-31d1-49bd-a5ae-b83dc0ff78b1,E0000045,Christmas Bonus,400.99,2023-12-25
779b6301-2b60-433a-8e17-bb52715cadd7,E0000045,Performance Bonus,1344.89,2023-12-29
10ee39fb-0df5-4703-be9b-dbf08617d22b,E0000045,Performance Bonus,1184.71,2023-12-24
8ba48232-dd2d-435e-bea8-aadaa4094aa9,E0000045,Performance Bonus,752.0,2023-12-25
ea4beebf-c9dc-49aa-b8a0-d4513322bf54,E0000045,Performance Bonus,1498.06,2024-01-31
67d4c5da-6dc0-42a4-b708-a15f1025483c,E0000046,Christmas Bonus,205.36,2022-12-25
80b21775-0419-4c63-9186-c9a3c474c92e,E0000046,Christmas Bonus,286.34,2023-12-25
cb3e7a30-93e1-4b9f-a06d-c7fab0844503,E0000046,Christmas Bonus,487.73,2024-12-25
79316623-c2ae-4b61-be1e-7ca8c34d765f,E0000046,Performance Bonus,1141.05,2022-05-06
d1a8643d-c638-4cdc-9b3e-91e974541496,E0000046,Performance Bonus,1463.8,2022-07-19
bd4e81ed-4d92-4a8e-9889-0f4b5d6bbf83,E0000046,Performance Bonus,1499.24,2022-11-15
ff712d51-1a08-4d62-91dc-b0ca47c6c9d4,E0000046,Performance Bonus,733.06,2023-12-27
5bb07683-ba30-45cf-8754-ec8512115086,E0000046,Performance Bonus,1854.47,2024-05-21
156a325a-41e5-47a3-8c05-8907a53a9863,E0000046,Performance Bonus,663.8,2024-05-17
fbeb2836-7145-4ed0-af39-2277693c1b60,E0000046,Performance Bonus,1962.94,2025-04-15
e86a4bdc-0b75-4435-89dc-77e840562b7d,E0000046,Performance Bonus,1299.13,2025-01-21
14171b54-4e8b-44f0-bec8-64ba20e38cdd,E0000046,Retention Bonus,2707.99,2023-03-14
a0d93e57-9139-4d7e-8f5e-415abcbcffc8,E0000046,Christmas Bonus,272.32,2021-12-25
44cbe5b7-b332-415e-b9d7-3e0928fa321c,E0000046,Performance Bonus,1636.89,2021-10-30
aec31905-1e83-4580-8f0f-6542312285e2,E0000046,Performance Bonus,903.58,2022-01-13
e3fc8322-30b5-48ac-8946-19201f4a6d3c,E0000046,Performance Bonus,1028.17,2022-02-25
d36441f7-da48-410f-af5c-812c98f02a2e,E0000047,Christmas Bonus,419.85,2021-12-25
e82c95d1-a72d-4283-b578-7d044be9b0a6,E0000047,Performance Bonus,1183.55,2021-08-16
e9fd9df7-5ab7-4751-9e15-c9c71c52381c,E0000047,Performance Bonus,1874.55,2021-03-03
8a448b66-94af-4248-978e-d7906d5f3e07,E0000047,Performance Bonus,1756.69,2021-04-22
c8cf90b1-5232-4f34-aeb7-4901234ff3f5,E0000047,Performance Bonus,1128.11,2022-01-01
8e3bd79c-2b82-47fc-a6b5-2b6f85b3d2a9,E0000047,Performance Bonus,957.16,2022-01-01
6225e821-1476-4ed6-9809-4ab577fc6700,E0000048,Christmas Bonus,376.66,2023-12-25
cefcbac5-e6da-484e-99ba-a99d335ece0b,E0000048,Performance Bonus,1592.01,2023-10-11
6641afe0-59e4-4579-9cee-2ad442f63485,E0000048,Performance Bonus,1141.04,2024-01-10
f68b12bc-f5f0-4388-a8dc-b7872e66fcf9,E0000048,Performance Bonus,810.15,2024-02-07
34d0ff18-0907-444c-b576-ea3f3321aa6b,E0000048,Performance Bonus,687.94,2024-01-30
793a7048-e2e7-451b-a837-4408825eaf89,E0000049,Christmas Bonus,452.63,2021-12-25
ac2a684e-f421-4fb6-b45e-f9c7fa6a826d,E0000049,Christmas Bonus,236.67,2022-12-25
162b2cac-d6c7-4322-8fe9-218c7ca551e8,E0000049,Christmas Bonus,293.86,2023-12-25
e40bb8b4-3fc4-43ff-95ea-5aaffdaa01c1,E0000049,Christmas Bonus,348.54,2024-12-25
005c22dd-c705-4fa5-b674-eb91d8faac5e,E0000049,Performance Bonus,657.58,2021-10-23
c7b1e03c-c2c3-4bc6-b9b1-2970f3c51645,E0000049,Performance Bonus,889.25,2022-02-15
2bc9ab8f-a1ea-49b1-b204-bda9c49874fa,E0000049,Performance Bonus,1133.35,2023-08-06
6b39d9fb-9b0d-4d37-b52a-da8d6881bd57,E0000049,Performance Bonus,889.6,2023-11-14
2245876c-8549-45ac-adda-611348142e16,E0000049,Performance Bonus,1001.42,2023-03-18
48bbf424-ebc2-45bf-9b6f-ff841ada03f9,E0000049,Performance Bonus,1754.18,2024-11-03
fd0799c2-2dfe-426a-b661-56918557fdf4,E0000049,Performance Bonus,1168.38,2024-07-25
20248206-71e0-43be-bc22-5dd61174a761,E0000049,Performance Bonus,1090.44,2025-02-09
f8d4b59c-ff75-41dd-a10a-e0575fdd35db,E0000049,Performance Bonus,1425.07,2025-03-15
67d5d479-c372-4872-ab0f-c2effeef7bae,E0000049,Retention Bonus,1275.23,2022-10-20
723f04e7-2208-4e66-ac3a-e8a74f82393e,E0000050,Christmas Bonus,366.78,2024-12-25
2165caef-7100-4fc6-9e9a-9b2b8fdbaea1,E0000050,Performance Bonus,1817.08,2024-06-16
19b4a3ee-0d8f-4acb-b773-c9d916bfe680,E0000050,Performance Bonus,853.35,2025-01-21
15a30c71-986a-4784-92c9-37bd9f15be92,E0000050,Performance Bonus,1227.78,2025-02-15
3f47d30b-181d-4173-b733-e111a88df392,E0000051,Christmas Bonus,479.7,2024-12-25
5d480061-4ad6-4304-998e-f7ac404c72c5,E0000051,Performance Bonus,1129.58,2024-09-23
67e68c57-384d-4099-ae22-e207822ea5c0,E0000051,Performance Bonus,1786.06,2024-11-20
fb6922c2-599f-4243-bd4a-de24e08f3763,E0000051,Performance Bonus,814.72,2025-02-13
f6f02ed4-3f38-467f-ae5a-59d7ec66bfb1,E0000051,Christmas Bonus,208.96,2023-12-25
9de1eb96-02d4-4580-86ea-e2a7f9dda852,E0000051,Performance Bonus,1979.54,2023-11-04
b0d3fbf0-8403-4964-922a-9fff528b9161,E0000051,Performance Bonus,556.6,2023-10-26
ec0d359a-89f5-4349-8b6d-295dcf7a5057,E0000051,Performance Bonus,1411.38,2023-09-18
0e386ea9-a7a7-4dde-bebc-808ba21c3b38,E0000051,Performance Bonus,1475.76,2024-07-27
de266ce2-351c-42de-be72-81a4b6273841,E0000052,Christmas Bonus,203.93,2021-12-25
5e7f94c6-5a42-46d6-b981-2f5d032cd9f4,E0000052,Christmas Bonus,387.89,2022-12-25
866099b5-ad12-40f9-813e-f133ba5a8daf,E0000052,Christmas Bonus,262.43,2023-12-25
8b7bc641-806b-4e8c-be36-00b715930dd6,E0000052,Christmas Bonus,338.45,2024-12-25
e71b8e50-8c7e-4eb7-b4ba-26a566f28ff3,E0000052,Performance Bonus,1530.91,2021-09-21
65cd19b9-0562-4112-9405-3fd6867034ed,E0000052,Performance Bonus,1826.48,2022-08-22
3350da5a-4933-4392-b854-b6e342167fab,E0000052,Performance Bonus,1199.13,2022-02-12
de03046d-83fd-4323-b1f8-b3f813b680d8,E0000052,Performance Bonus,1674.94,2022-12-05
bf9cc126-9057-4f7c-8828-b14475b0a429,E0000052,Performance Bonus,738.1,2023-10-09
2d9f47a2-ce75-418e-9146-a216f2f550a2,E0000052,Performance Bonus,846.85,2023-03-30
720a70bf-4c47-44b9-80ed-d8fbb241950a,E0000052,Performance Bonus,1355.73,2023-11-23
6afbe4d5-c655-4b53-87e0-63b1c3a4c2fe,E0000052,Performance Bonus,724.19,2024-08-04
7e361420-3c27-41d6-85d2-a82bb3004c01,E0000052,Performance Bonus,1189.42,2024-09-10
1e0df31e-21fb-482f-8dca-4bf8d9d1110b,E0000052,Performance Bonus,1835.06,2024-10-19
4679783d-5fa3-4e3a-9867-639d5345b7a9,E0000052,Performance Bonus,1762.84,2025-04-04
51675b18-e92f-43c3-ae0f-38f7aa590f9f,E0000052,Performance Bonus,788.58,2025-02-24
d91c4cc2-c6a3-41ff-bbe7-003851030f6c,E0000052,Performance Bonus,1726.05,2025-01-02
b5608109-3751-4857-b3f9-9a70512453b1,E0000052,Retention Bonus,2034.66,2022-04-28
6ae7c2f7-3ab5-408c-8020-3760a4f78655,E0000053,Christmas Bonus,207.65,2024-12-25
f4b2ae70-c81d-4884-9b72-64d32d57db49,E0000053,Performance Bonus,1365.35,2024-12-28
22a952fa-4a96-4dc8-91a8-7f3220174c70,E0000053,Performance Bonus,1892.75,2024-07-31
6dd6ab41-1be3-4b79-ba64-7e892f78ff63,E0000053,Performance Bonus,1798.85,2024-11-27
7ad8ce3e-8a2c-470a-bbc5-33b1ec1f103d,E0000053,Performance Bonus,846.31,2025-01-28
b6ac0c72-ffc8-43f7-9efc-faff72212a0a,E0000053,Retention Bonus,1181.37,2025-03-14
6b7d6c7c-2539-4c42-bad4-f17ff43517c8,E0000054,Performance Bonus,692.22,2025-03-06
446471e9-3bda-4a95-ab13-f97f5eb0daeb,E0000054,Performance Bonus,1637.44,2025-02-06
690b8e7b-6b01-44e5-a6a1-3325db429df9,E0000054,Performance Bonus,1608.61,2025-01-18
db805a98-e542-44ab-ab8e-ad2b2a7adc09,E0000054,Sign-On Bonus,632.01,2025-02-10
26b3da4c-413b-46f9-89a9-e5e6413a1f89,E0000055,Christmas Bonus,475.63,2023-12-25
3c674018-bace-4252-af32-eefe9aabe74b,E0000055,Christmas Bonus,270.59,2024-12-25
bddd97da-96bb-47ea-9cf7-d6f856e31aa2,E0000055,Performance Bonus,550.4,2023-07-14
d551de16-54ab-497e-b5db-e82cb08967c4,E0000055,Performance Bonus,1640.97,2023-07-01
516de1b8-660e-491e-9459-336beb13697c,E0000055,Performance Bonus,1702.87,2023-04-24
f18ed287-b6e6-47e6-a3e5-7112b6b5a3ab,E0000055,Performance Bonus,1085.16,2024-09-16
6649aed0-ecf0-469a-879f-b36cf37f0693,E0000055,Performance Bonus,1876.34,2025-03-13
e04e74e3-996e-40b6-86fc-5c37536025a5,E0000055,Retention Bonus,2754.4,2024-03-15
87111780-ba6d-45e5-b6ab-2d5506fc018f,E0000056,Christmas Bonus,302.4,2021-12-25
02e82ef6-b014-480f-81de-b7dcd59afd85,E0000056,Christmas Bonus,334.95,2022-12-25
791136dc-91bd-41a3-8843-a97c7faafb0a,E0000056,Christmas Bonus,490.75,2023-12-25
e8262d6a-b080-4cb9-a8a3-1e1946fb3819,E0000056,Christmas Bonus,370.8,2024-12-25
4b24e72a-f5ef-4611-835e-812862335756,E0000056,Performance Bonus,925.33,2021-09-24
017836a6-df1b-4640-aaa3-6775120d8788,E0000056,Performance Bonus,1759.38,2021-11-05
85767295-38de-45c1-a8f8-6b549e089c1c,E0000056,Performance Bonus,932.13,2022-10-20
7d8008f4-019f-446d-8655-03ae15e3b54c,E0000056,Performance Bonus,884.49,2022-04-03
0170e060-c314-402a-9532-20791c621bc3,E0000056,Performance Bonus,910.9,2022-10-14
a4fd000b-d051-4006-bf0c-d19ce15cc877,E0000056,Performance Bonus,874.37,2023-12-04
9f10bf24-2c31-487b-82e7-0966e5805964,E0000056,Performance Bonus,652.17,2023-07-12
e199f142-3aea-40da-a106-17f3d9b266ad,E0000056,Performance Bonus,1284.51,2024-03-24
7257cf14-f8fa-4d45-8522-082010aa35cd,E0000056,Performance Bonus,1016.99,2024-09-30
9fc03938-3c3d-4e2c-825a-b077816189cc,E0000056,Performance Bonus,1332.69,2025-04-04
60038bf0-138c-492c-8a9d-08f52338c1df,E0000056,Performance Bonus,1097.7,2025-03-19
39a55c4e-689e-4237-b167-a0a465a0b3c1,E0000056,Performance Bonus,1596.9,2025-04-01
a4dbbf00-0349-4989-8901-fab6dadb46f1,E0000056,Retention Bonus,2118.1,2022-08-23
11a74e36-9d20-4e09-a781-45593653b942,E0000057,Christmas Bonus,207.81,2021-12-25
109ad099-58c8-4a30-b96e-eb9ef25bcd49,E0000057,Performance Bonus,716.63,2021-12-27
56b83965-fd27-4d23-8c8f-4cdade04ddac,E0000057,Performance Bonus,1271.41,2021-11-29
3deaa842-f838-4e4f-aef1-07eb2e9402a4,E0000057,Performance Bonus,1561.79,2022-03-18
d0ada22e-2508-4877-b8bb-6d543fd5e728,E0000058,Performance Bonus,1430.03,2021-07-08
0eb8bea8-cdae-4c28-862c-bd9e1161115b,E0000058,Performance Bonus,625.15,2021-11-06
a2a43a26-cc1a-4d84-acce-77dd833d3f7e,E0000059,Christmas Bonus,378.83,2021-12-25
a21739f4-2a84-4898-b0e2-3811f865d8c7,E0000059,Christmas Bonus,215.7,2022-12-25
76ec66b9-4222-4c4a-b272-709a38c60962,E0000059,Christmas Bonus,310.21,2023-12-25
2cac2b40-4ece-4673-874c-85b64755cb07,E0000059,Christmas Bonus,209.52,2024-12-25
ab4c5b68-5591-47c8-b5c9-b6a2e1ee7273,E0000059,Performance Bonus,1035.28,2021-09-06
ae511df7-8384-4882-85a2-311deac636bc,E0000059,Performance Bonus,1417.64,2021-09-28
029f0243-fcd8-404e-9489-ac14fd387d00,E0000059,Performance Bonus,983.81,2021-08-24
5a116813-5f94-43c6-a5f6-b647d61dd53b,E0000059,Performance Bonus,1586.78,2022-05-07
61fad2ba-143c-4693-a12d-af9a5b35d679,E0000059,Performance Bonus,1040.81,2022-10-15
c4395f88-8ade-4fc5-b53b-7ab3344aec84,E0000059,Performance Bonus,517.84,2023-03-01
b8798d6c-8c59-47af-b096-3587f9a12d92,E0000059,Performance Bonus,1117.77,2024-02-28
de443018-50a4-4706-9870-6db24ba1bab6,E0000059,Performance Bonus,530.31,2024-07-30
530ef3c8-1009-4bb4-b533-80e6b5fcdecd,E0000059,Performance Bonus,998.89,2025-03-20
1aff8fc8-db0b-4640-bc8d-98359394eba1,E0000059,Retention Bonus,1577.67,2022-08-17
3714d8ba-d425-4cd2-9a8b-ed250f15e082,E0000060,Christmas Bonus,363.2,2022-12-25
9d89557b-3389-4489-a390-2db20d123170,E0000060,Performance Bonus,1254.21,2022-03-26
c887e0fa-829f-4cf7-99b4-d98212f36995,E0000060,Performance Bonus,1223.98,2022-04-28
4a4e60ec-7ecf-4a4d-8be8-ffbdb38a3fb6,E0000060,Performance Bonus,641.34,2022-08-30
5874aa9b-4e93-4bdf-a795-d549414164ea,E0000060,Performance Bonus,1905.3,2023-01-23
2f381403-1bb1-4a1f-bb6a-35b46ebeb329,E0000060,Performance Bonus,649.31,2023-02-05
15201904-48ba-47d6-b423-32b03fbe8604,E0000061,Christmas Bonus,396.21,2024-12-25
9963415f-aede-4fd2-9425-0c4ca1eb1cde,E0000061,Performance Bonus,846.45,2024-04-20
b2df5498-dc0e-4b6f-842c-671f09639814,E0000061,Retention Bonus,2517.42,2025-04-08
403b9d59-8089-4c1a-8fb5-9eae46e79b20,E0000062,Performance Bonus,1720.49,2024-11-13
3d3de1a7-1fcd-4d68-8634-76a2efa6a497,E0000062,Performance Bonus,1992.29,2024-10-17
a12af134-93fc-4ceb-bb8c-8d130c2cd9ee,E0000063,Christmas Bonus,344.75,2023-12-25
4ce1b656-6269-4fff-8af4-51df665abd85,E0000063,Performance Bonus,1876.82,2023-07-22
04e060b0-baa4-48c7-a5f5-a1acf5538afe,E0000063,Performance Bonus,994.37,2023-04-24
4d21ab9c-5824-498f-a7ac-34944c91eccc,E0000063,Performance Bonus,1963.28,2024-01-15
dab56d2b-8ed5-4108-aa51-7a8f1614ec4d,E0000063,Performance Bonus,567.89,2024-04-01
d2243935-3ecb-4120-86fc-a0756511f689,E0000064,Christmas Bonus,429.05,2023-12-25
9da002cf-8438-425f-9f2f-cfc9584df2c2,E0000064,Christmas Bonus,211.0,2024-12-25
05e06e5e-3e13-4574-b900-8ae534e3d98f,E0000064,Performance Bonus,1050.66,2023-12-30
54a0f0bf-be7d-4e44-a711-8c8be653b0fb,E0000064,Performance Bonus,1613.07,2024-02-12
5bf6ae8c-a006-48f9-9d8f-a41c5a529d35,E0000064,Performance Bonus,928.74,2025-04-04
c05a771e-561f-4ea4-8fc1-32177bad1400,E0000064,Performance Bonus,1728.38,2025-01-09
cdd12c85-acdb-4b68-9c80-503df93a8ccc,E0000064,Retention Bonus,2794.13,2024-12-19
92a63d08-d1a9-4a8f-a546-07ca62694456,E0000065,Performance Bonus,1811.46,2023-12-28
6bfeb9ba-2b0e-4ccf-b9b0-8cf83fb3c155,E0000065,Performance Bonus,1116.85,2023-12-30
7cb45c6a-accf-4bfc-bea8-e1fb529ace21,E0000065,Performance Bonus,1164.4,2024-02-09
718f13c4-98dc-436b-a340-f4f83435030a,E0000065,Performance Bonus,1881.19,2024-03-14
e30ac9f7-8cf9-4a67-a052-dea47506441c,E0000066,Performance Bonus,733.19,2022-07-12
38bfaf12-1f1b-4565-81d5-d1a4d156a866,E0000067,Christmas Bonus,341.39,2023-12-25
75ead082-5b16-4f76-a606-67bf02107927,E0000067,Christmas Bonus,407.98,2024-12-25
6aeaf4ad-f799-4b54-a7f9-282ea575035c,E0000067,Performance Bonus,748.01,2023-07-11
8ff8cd58-0d02-442e-96fd-aff3488f846f,E0000067,Performance Bonus,1597.83,2023-11-04
d7ef6ed5-1e9c-491e-bd13-ad24487760bf,E0000067,Performance Bonus,1368.49,2023-12-29
1a1fac2a-a595-4578-b1ae-16c6411496cb,E0000067,Performance Bonus,517.7,2024-12-21
be6ae26c-66d4-439d-8ca0-7209ac885cd2,E0000067,Performance Bonus,1594.0,2025-04-11
57985af3-5e7d-4efd-80f8-3a9ca5732f40,E0000067,Retention Bonus,1739.52,2024-07-10
998303fd-2725-4802-bbad-b68319c3d6c6,E0000068,Christmas Bonus,395.64,2022-12-25
bcffc522-08f0-4c8b-8950-557b243b0953,E0000068,Christmas Bonus,347.26,2023-12-25
28b5cc0d-891a-47a4-9173-b0bcec073bf9,E0000068,Christmas Bonus,207.95,2024-12-25
28d4e445-5b6d-4b38-8827-762cd7f653de,E0000068,Performance Bonus,1160.83,2021-12-27
6cc8347d-4b96-420e-838b-b5fd4179635d,E0000068,Performance Bonus,1886.95,2022-06-14
7d3119cc-19d8-40db-90e5-453890ccce18,E0000068,Performance Bonus,1837.13,2022-03-09
3169d923-cde7-4d89-8f9a-22c340bc188b,E0000068,Performance Bonus,905.14,2023-05-14
2de242d7-bcdc-4bbd-9075-a2bfb158c23a,E0000068,Performance Bonus,798.13,2023-04-08
dcfbefdb-efc9-4807-80a9-75e385ffcf9c,E0000068,Performance Bonus,691.9,2024-02-18
a3f9b7d8-55ae-44c7-9a05-e7a299c1b4aa,E0000068,Performance Bonus,1532.74,2024-10-06
e9ec885d-344d-4519-be9d-dd07fa56d939,E0000068,Performance Bonus,708.97,2025-01-18
d8329624-8ea3-42e6-924a-ae75e2cdddab,E0000068,Performance Bonus,718.12,2025-03-09
147f96d7-2be1-4b31-8650-9db67de6f27f,E0000068,Performance Bonus,1288.88,2025-02-07
76a9eb28-70fa-4411-ba45-f2b6c72148c8,E0000068,Retention Bonus,1754.61,2022-12-27
fec4d810-634d-48b1-ae96-9d4d7bbc592d,E0000069,Christmas Bonus,231.63,2021-12-25
febcf327-dbc0-4d64-bd3b-15e9324b1543,E0000069,Performance Bonus,1546.76,2021-12-27
5c401b8f-f7e0-410a-92b9-bfdb0f7d5817,E0000069,Performance Bonus,1761.27,2022-11-03
ba819a7c-8fbd-4395-806f-0ed9de1d34f3,E0000069,Performance Bonus,1145.37,2022-02-02
a5bb0c66-5657-4074-a057-df07c9e4b45f,E0000070,Christmas Bonus,236.82,2024-12-25
86e8dd73-ac51-450d-96b8-a3f0af339527,E0000070,Performance Bonus,982.03,2024-12-20
6f98a05f-9b0c-434d-a51d-c560df0c2757,E0000070,Performance Bonus,1035.99,2025-01-22
16045f28-11bd-4060-aa32-facaa4c36cd9,E0000070,Performance Bonus,1301.15,2025-04-16
f52af3c4-0ea0-4a59-86b9-d21e123b84ad,E0000070,Performance Bonus,1520.95,2025-01-28
ffb124f4-a551-4917-8c3d-c7771affc13f,E0000071,Christmas Bonus,454.07,2022-12-25
e5d581e0-2713-4983-b445-51b8840ea9f4,E0000071,Christmas Bonus,468.06,2023-12-25
f0d25daa-4c10-4bc5-828c-7f93d077e58c,E0000071,Performance Bonus,1730.52,2022-12-14
5eae5c23-3dfe-4690-81f3-a27cc32c48f7,E0000071,Performance Bonus,1292.8,2022-10-27
dd04fbb7-3eae-4911-b252-84e1c1998417,E0000071,Performance Bonus,1057.59,2023-04-29
d5ddd0e3-5761-4a31-954c-31233f4b235c,E0000071,Performance Bonus,1223.52,2023-08-01
63cda908-8224-45a3-af5b-a005d5ca573d,E0000071,Performance Bonus,541.4,2024-04-15
9d4df36f-2875-4863-83d6-be799229253b,E0000071,Retention Bonus,2766.52,2023-07-10
fabecb4a-c6f3-40c1-b56e-74a6fdbb01e9,E0000072,Christmas Bonus,350.17,2022-12-25
40a06168-a343-472d-aa26-234bb555b87c,E0000072,Christmas Bonus,432.03,2023-12-25
1425b420-c4b4-4f28-b29d-50e85cbf905b,E0000072,Christmas Bonus,453.2,2024-12-25
8d519f69-c58d-4575-af0f-178fae63d1c7,E0000072,Performance Bonus,1588.08,2022-09-20
49b72456-ae13-47df-bccd-9cd4ba574fb9,E0000072,Performance Bonus,1860.0,2022-02-10
efe9abc4-1965-4aaa-9bd6-e11b29c7bb68,E0000072,Performance Bonus,506.58,2023-09-13
5fa3c5e5-d906-41a1-b95b-8d5959c837fd,E0000072,Performance Bonus,1795.94,2023-06-27
a2406d16-9245-4271-8465-511777a6d7f7,E0000072,Performance Bonus,647.98,2023-12-12
1b7a3564-72cd-4971-bc67-c8d29f4ef995,E0000072,Performance Bonus,974.29,2024-09-28
7ef86b0a-32a4-46fb-a4d1-7187315330ed,E0000072,Performance Bonus,1232.31,2024-06-11
8b02e604-a0eb-4632-ac25-443b2b023277,E0000072,Performance Bonus,1655.75,2024-11-12
edbde864-dc45-46ea-8a97-f5d9d1b878c3,E0000072,Performance Bonus,1368.87,2025-01-01
d722b594-b5c8-4c72-a795-342b2cf5bdaa,E0000072,Performance Bonus,562.46,2025-02-17
d930252b-612c-41f7-b5c1-9f5db3bd7762,E0000072,Retention Bonus,2936.78,2023-01-25
69b5ada2-3987-4f01-aedd-3ebe5ee95c1e,E0000073,Christmas Bonus,205.99,2021-12-25
986f485f-de44-4c93-9a82-09635fc72ad9,E0000073,Christmas Bonus,355.04,2022-12-25
c59d99c9-e895-45ba-a575-7db93feb84fc,E0000073,Christmas Bonus,489.57,2023-12-25
54a533c6-6c06-4b91-a829-087b3d2adb67,E0000073,Christmas Bonus,443.04,2024-12-25
05a9362b-22d1-42e4-9605-b5ae4607ac07,E0000073,Performance Bonus,1200.0,2021-12-27
feba14cf-e9cb-49e4-9c9b-8c8f270e4292,E0000073,Performance Bonus,1719.27,2022-05-02
566d98af-f16a-45bb-900d-2b944db14b5b,E0000073,Performance Bonus,929.97,2022-10-16
e8640483-92ae-41a5-a3d7-aa81c57579af,E0000073,Performance Bonus,1378.59,2022-06-16
ced8c0ea-0c83-4324-b1cd-bb5d666e0567,E0000073,Performance Bonus,1621.49,2023-02-27
ea19caf0-ef12-4c76-8be5-e7731143ca80,E0000073,Performance Bonus,1283.75,2023-05-23
9657e633-0571-45da-a1c6-eef31972549b,E0000073,Performance Bonus,999.23,2024-10-23
582b74e6-3a2e-4f88-8a26-b6cee6333993,E0000073,Performance Bonus,1999.69,2024-07-17
cdbd4ae5-401a-4796-bf36-4ced8187f7de,E0000073,Performance Bonus,1700.62,2024-03-13
aa900d8a-17b9-4dc0-a36a-67587112a9a8,E0000073,Performance Bonus,562.22,2025-01-01
41a9000a-1fad-4cda-86a9-5fd639b4f1af,E0000073,Retention Bonus,2072.63,2022-12-22
08b91e1f-d285-4bad-b3bb-c61efd1274ba,E0000074,Christmas Bonus,379.55,2023-12-25
0d598272-665c-4ac3-a526-02ac1007e3f3,E0000074,Christmas Bonus,246.67,2024-12-25
99d5d129-9d41-4e96-9ed8-065ca5a31a4a,E0000074,Performance Bonus,1063.65,2023-08-13
80c5e1a0-3cb5-410d-8170-4f55145080ca,E0000074,Performance Bonus,1189.26,2023-12-05
edd0d5f1-35fc-44a4-8e73-6d9f6550d3dd,E0000074,Performance Bonus,1380.17,2024-08-02
2b206695-d544-470b-bbd4-96adb85493ef,E0000074,Performance Bonus,1452.74,2024-04-06
d1773e36-3d0a-47b3-99d1-4bf13ea8d090,E0000074,Performance Bonus,1645.74,2025-01-12
78198f7e-c939-4ec3-b6be-67ce597dfaf8,E0000074,Retention Bonus,2645.13,2024-05-24
06161c35-dced-4697-b3b9-b73c2631e91e,E0000075,Christmas Bonus,473.06,2021-12-25
1676c77e-48f5-4b9d-bf31-8e2e08b920ef,E0000075,Christmas Bonus,236.44,2022-12-25
26bcd66f-3ce7-4095-8852-4d6f915be185,E0000075,Christmas Bonus,473.9,2023-12-25
78776eba-d68e-49fc-876b-60a4ac2b5b08,E0000075,Christmas Bonus,314.32,2024-12-25
09dfb7ce-fb32-42c8-8eb4-0c0e2ae9b011,E0000075,Performance Bonus,1767.09,2021-11-20
89f6c007-55a6-4189-8230-7711b2251270,E0000075,Performance Bonus,1725.14,2022-09-12
5b943822-c699-4ea2-a085-ce7a016a0326,E0000075,Performance Bonus,1206.92,2022-12-12
21517a70-ee29-495a-9ce8-4673a22da36a,E0000075,Performance Bonus,518.03,2023-06-23
e7523d7b-177e-4119-8a14-2455ccecf18a,E0000075,Performance Bonus,596.83,2024-07-02
d55feae6-ec84-4cb3-b65d-6ced8a4433d7,E0000075,Performance Bonus,810.97,2024-12-27
a45c9882-7c42-49d3-80fc-58ab2a2e32f8,E0000075,Performance Bonus,785.68,2024-11-18
006aad73-06f2-465f-941c-bf91ecbaf975,E0000075,Performance Bonus,1247.3,2025-04-09
ed1afb3e-185b-4842-9b3c-0bef7a3c87b6,E0000075,Performance Bonus,1553.7,2025-01-10
5e1d7885-5646-468e-bd1c-766d3250c6db,E0000075,Performance Bonus,1838.89,2025-03-05
bb31fe7f-6074-4dc0-9480-ccd0e60d11b5,E0000075,Retention Bonus,1868.81,2022-03-09
1ab3dfaf-3879-479c-9a0b-f086fb6f6400,E0000076,Christmas Bonus,267.37,2023-12-25
64c4aac0-24e9-48d6-88a5-1b0b0078a788,E0000076,Christmas Bonus,219.97,2024-12-25
49c07cdf-1bfd-444f-a724-bd2026eb07f6,E0000076,Performance Bonus,591.26,2023-07-25
29f410af-1577-4cdc-9bd3-2a6507603352,E0000076,Performance Bonus,1706.3,2023-12-24
d96e9373-b194-4a51-b024-8a71cb826687,E0000076,Performance Bonus,1051.23,2023-10-14
b02122f5-8391-4928-b2ca-44212dd06c42,E0000076,Performance Bonus,854.42,2024-03-22
10e8b9ee-eee3-4cb3-acf3-d519010d70d8,E0000076,Performance Bonus,1497.23,2024-04-15
059188f6-64e3-473b-b925-c6bfb9bdf968,E0000076,Performance Bonus,599.43,2024-10-10
31dd6bb1-dc69-4ec7-9630-d5683183b91a,E0000076,Performance Bonus,1371.64,2025-03-25
400a3230-cc3b-488b-8afd-42c7810b459b,E0000076,Performance Bonus,657.7,2025-04-02
b54f0f43-7db4-4082-9829-c651ce6abb1d,E0000076,Performance Bonus,1968.19,2025-03-23
6daa73b8-98c6-4ce1-9130-992a2e8e87f1,E0000076,Retention Bonus,2729.07,2024-07-03
ae702cfa-b9bc-482c-88e6-0acdfe2f2f51,E0000077,Christmas Bonus,202.75,2023-12-25
de8b099b-6638-4b93-bceb-c7437a9abaff,E0000077,Christmas Bonus,230.7,2024-12-25
9f9b7466-c7ca-4f1b-8c29-1d6c90e455a3,E0000077,Performance Bonus,1352.78,2023-10-30
1b6d242d-3bc1-4000-ae56-496f68157851,E0000077,Performance Bonus,1921.36,2024-07-18
c0a12208-5efd-46d5-b63d-194060b8e8b4,E0000077,Performance Bonus,1767.6,2024-09-28
39bf33fd-ea38-4725-8aec-03c10c73539b,E0000077,Performance Bonus,1753.77,2025-02-17
a515a1d1-30f4-48ed-ada2-f9116c246ee0,E0000077,Retention Bonus,1710.07,2024-08-10
266e8bc6-08b4-4255-91b2-5f5f3483fcb2,E0000078,Christmas Bonus,491.2,2021-12-25
50ef11d2-fc61-4a03-b94b-1313f132f05f,E0000078,Christmas Bonus,356.64,2022-12-25
28033fd3-5ad8-49f0-9e88-bcda5aa7c541,E0000078,Christmas Bonus,442.94,2023-12-25
d5c0429a-82a2-4a31-b796-a24f226b0e23,E0000078,Christmas Bonus,296.05,2024-12-25
05651883-0e95-4131-99e0-305ba5243107,E0000078,Performance Bonus,794.54,2021-11-29
ca58f22d-2a1f-4d21-a3ff-de5af2d5b449,E0000078,Performance Bonus,1298.67,2022-07-02
f94c15e4-daee-4a66-a44e-b4e887596b5e,E0000078,Performance Bonus,1428.78,2022-08-05
a85f41b1-afee-4e75-a1ba-fa336a695063,E0000078,Performance Bonus,1877.94,2022-05-28
30d3e43a-723d-4bb8-bb7b-dbb2124402d8,E0000078,Performance Bonus,1025.67,2023-12-19
855989bb-80d0-43a7-ae72-592089467bdc,E0000078,Performance Bonus,1914.68,2023-07-31
265a97b6-a1ff-48db-ab17-0dbcfa16583c,E0000078,Performance Bonus,1766.99,2023-11-03
e0c67552-ff7a-4b63-91a3-f74509f08146,E0000078,Performance Bonus,1511.83,2024-07-05
ff773f7c-0259-4760-a3f3-61100af5a435,E0000078,Performance Bonus,521.68,2024-09-10
8eff219c-0b28-457c-86bf-e900d661801f,E0000078,Performance Bonus,1410.09,2024-05-07
456b8bdc-b25b-4703-9321-a273007f7b36,E0000078,Performance Bonus,1584.65,2025-03-01
167a6326-d6f1-42d6-b26a-ea5b9a15a949,E0000078,Retention Bonus,2836.03,2022-08-24
0c115bff-69ed-493e-9d4a-71c24ecc784e,E0000079,Christmas Bonus,452.73,2021-12-25
5f4458c9-630a-422f-ba60-6bb269dfdbd6,E0000079,Christmas Bonus,285.56,2022-12-25
1bff437d-9f1b-44e4-9ddb-3b01454dcf5f,E0000079,Christmas Bonus,274.76,2023-12-25
efa37526-c12a-4497-9a61-3f76f4a0cb04,E0000079,Christmas Bonus,376.95,2024-12-25
89bf8a6d-5cde-47be-9aed-f0703b0ae7b3,E0000079,Performance Bonus,1845.22,2021-11-16
1a8993dc-4494-480b-ae34-b6c72384d867,E0000079,Performance Bonus,660.11,2021-10-11
1f1b6ff9-0ee1-4320-be71-aaf12e9b8cb5,E0000079,Performance Bonus,753.23,2021-11-14
acab080e-94ae-4552-aeef-5a703ddbdc4b,E0000079,Performance Bonus,1742.79,2022-06-16
ff6bc8a1-6fbf-423e-b2df-10de75b7f2dc,E0000079,Performance Bonus,1464.21,2022-03-04
bda9191b-7357-4088-a410-45e6d1223261,E0000079,Performance Bonus,1092.36,2023-10-26
9f1fe88f-570a-4510-9ed0-636d01e3f2c1,E0000079,Performance Bonus,1429.03,2023-02-16
c5810c55-616f-4b7d-80cf-80095a6717f6,E0000079,Performance Bonus,1869.5,2023-12-20
7185abd2-f50e-4d5c-9b54-47dfe0bdb235,E0000079,Performance Bonus,760.02,2024-12-28
03dfdbb3-da4e-4579-8051-c077b59946e8,E0000079,Performance Bonus,989.27,2024-08-04
b444991f-a08a-41d2-ba87-dcd118b71a58,E0000079,Performance Bonus,1702.24,2025-04-17
a1162ca6-0cb4-4637-abb6-2b2e03fea5a9,E0000079,Retention Bonus,1928.46,2022-09-28
58f6e3d8-2cb3-4362-a130-56f83623c792,E0000080,Christmas Bonus,225.3,2023-12-25
7ffd9778-3b10-4d3b-9776-95791560a2b5,E0000080,Christmas Bonus,236.67,2024-12-25
00b18d5a-7acd-4e8b-85c7-dabe66c7518e,E0000080,Performance Bonus,886.51,2023-12-23
ba1fe356-60d8-4bb1-b677-165a4e121810,E0000080,Performance Bonus,1534.65,2023-12-19
c6997f19-d321-4d2e-9491-096c2387ea67,E0000080,Performance Bonus,1746.75,2024-05-25
487dbc21-db5d-45d2-8955-bcb4548fb04d,E0000080,Performance Bonus,1550.24,2025-02-10
a8778b53-8c74-4afc-824d-374cbc795a0a,E0000080,Performance Bonus,1236.14,2025-01-22
c6a73bd3-38c4-42a9-a38d-ef921dffcdbe,E0000080,Retention Bonus,2793.98,2024-12-09
04b893a1-9347-42da-908f-7b0be47c2244,E0000081,Christmas Bonus,223.04,2024-12-25
ed76f873-42ce-42ae-9c30-ade9065df60e,E0000081,Performance Bonus,1767.13,2024-11-28
98a390e2-424e-46e4-aad6-0e87fee8b179,E0000081,Performance Bonus,1703.83,2024-11-20
e119c5c8-f16d-464b-9601-cabd779051a5,E0000081,Performance Bonus,1611.5,2024-12-27
bec42074-0ff1-45cf-afe2-4c065c4e9356,E0000082,Christmas Bonus,366.9,2021-12-25
f9f7bd54-2e65-47c5-ad22-a87daa382eab,E0000082,Christmas Bonus,401.66,2022-12-25
9cff3193-654c-4ab4-bf52-fd95681ccfaf,E0000082,Christmas Bonus,464.0,2023-12-25
63824d5d-d56b-456b-b25b-abffe804ebaf,E0000082,Christmas Bonus,368.01,2024-12-25
e5ae3ce1-0a31-4255-8dea-2362e6baae85,E0000082,Performance Bonus,517.02,2021-10-08
22dbcd84-e0f2-4146-a077-10a5e6f9ac91,E0000082,Performance Bonus,1027.23,2022-01-19
212ddb09-ae3f-40cf-8db2-4fe111c9172a,E0000082,Performance Bonus,1566.79,2022-04-18
02e94c2f-cf28-4037-b42f-a5f9c21c5108,E0000082,Performance Bonus,1341.19,2023-01-06
82a5a5d6-413b-4adf-af31-d12034c3619b,E0000082,Performance Bonus,1256.37,2024-01-05
df8147ac-adfa-4d37-9a4f-175bdd3e4ef6,E0000082,Performance Bonus,915.68,2025-03-28
fe4445ab-aa8f-438f-85a8-091d094cc6f3,E0000082,Retention Bonus,2890.73,2022-08-27
9257c11e-fc0d-43a2-b850-fd0dbfb4d381,E0000083,Christmas Bonus,453.64,2024-12-25
3895cf96-7676-4888-a41d-e086479193ff,E0000083,Performance Bonus,891.88,2024-12-10
bf31fcda-f1d3-46f3-b316-33c2d0691060,E0000083,Performance Bonus,1790.11,2024-12-16
20cbdab6-3e80-45a7-83eb-9b7776f64c39,E0000083,Performance Bonus,667.2,2025-03-16
f2543cd0-94dc-421d-84c2-24a9ceb277e6,E0000084,Performance Bonus,1165.43,2025-02-19
62ca9d35-a747-4688-8205-5be899ca9af1,E0000084,Performance Bonus,1798.11,2025-02-15
e371113e-7f7e-45a8-ac71-295c9e75336e,E0000084,Sign-On Bonus,840.29,2025-03-10
ebe399dc-da30-4c6f-8613-9e9ed187545e,E0000085,Christmas Bonus,415.37,2021-12-25
89a9c9ec-9ba5-4d76-ad68-e61e7d2ed9b4,E0000085,Christmas Bonus,297.91,2022-12-25
8643a83e-6c62-4542-9b2b-bba55aa2fb95,E0000085,Christmas Bonus,379.35,2023-12-25
8f0d9a80-05af-4b70-8611-b12b1cefb01b,E0000085,Christmas Bonus,380.5,2024-12-25
8e00f9ae-c03c-444b-8c66-a8eba61f9b59,E0000085,Performance Bonus,1985.83,2021-09-22
9d70605a-2a05-4c58-ae14-399ceb01a20b,E0000085,Performance Bonus,527.39,2021-08-15
bc60cb12-736a-434a-b844-7904017ef9be,E0000085,Performance Bonus,1665.48,2022-11-23
febb5c53-1188-449c-9749-31a223aaf1ba,E0000085,Performance Bonus,1395.18,2023-10-28
0572ca2e-16dc-4c01-8edb-2753a5a8779e,E0000085,Performance Bonus,797.74,2023-12-30
44006ecb-40c9-4327-9217-21770be94871,E0000085,Performance Bonus,1889.77,2024-09-07
770d8d90-aa3f-4bd3-a62c-d7010743d16d,E0000085,Performance Bonus,1109.54,2024-10-29
2ba35ac6-ecb4-427a-a89f-8722355a36c9,E0000085,Performance Bonus,1462.61,2025-01-31
f7602247-1d91-434c-b854-61dffcf405b0,E0000085,Performance Bonus,1060.37,2025-01-05
c70a52f8-ed5d-45e1-9b12-bee61d59a9d2,E0000085,Retention Bonus,2422.42,2022-03-19
c481df3a-8c59-473e-9fc1-1ca3e5eedaa8,E0000086,Christmas Bonus,429.93,2022-12-25
93901c21-6cc4-4e76-93eb-67e10a45332e,E0000086,Christmas Bonus,257.69,2023-12-25
0b67b947-8200-4a44-b92f-a26e3007f5bf,E0000086,Performance Bonus,875.83,2022-12-18
4aaa4310-3ac6-4834-b115-cca2e230348e,E0000086,Performance Bonus,1218.11,2022-11-09
7bee9d02-2910-4c61-80cc-b420f6df7a3b,E0000086,Performance Bonus,1832.4,2023-04-26
baa5ab84-fc24-4448-ac0e-f3d2d8ec3d55,E0000086,Performance Bonus,1268.05,2024-05-11
f5ad3078-f34a-4898-8cdf-b2e76c770bc4,E0000086,Retention Bonus,1257.77,2023-10-28
1f337ee7-c3c3-4150-849a-0e09713f43b6,E0000087,Christmas Bonus,245.14,2022-12-25
263dd4fc-3ff2-477d-93cc-557199c96146,E0000087,Christmas Bonus,321.67,2023-12-25
8dabe553-76ec-4b3b-b84c-53db1341511a,E0000087,Christmas Bonus,303.55,2024-12-25
86924930-d8f4-453f-aea2-7f4fc9517515,E0000087,Performance Bonus,1474.12,2022-12-13
0e4fa8d1-c4f1-4883-b017-3f71401fcc3c,E0000087,Performance Bonus,1163.67,2022-08-04
40f14fee-c826-410f-95f3-c1c5f85e1e58,E0000087,Performance Bonus,1199.85,2022-06-19
3b2f7d26-1c69-41d5-8eeb-ce975322b295,E0000087,Performance Bonus,1179.31,2023-12-29
c21ca84f-a3f9-4a1d-993c-514c9010597b,E0000087,Performance Bonus,1933.79,2023-03-05
d53f4c88-2a51-448a-b58e-10157ef4fefc,E0000087,Performance Bonus,1021.23,2024-04-13
ab8bfc24-31ae-47a6-a6a9-adda2cc94f33,E0000087,Performance Bonus,1388.09,2024-01-12
19f74c65-f7df-43db-8d42-f3a8d1cb0107,E0000087,Performance Bonus,1971.76,2025-04-04
6df21a25-98ca-4296-a89a-c7425dce8226,E0000087,Performance Bonus,1556.86,2025-03-05
b20b951a-1344-4326-9a61-1756612caca8,E0000087,Retention Bonus,1001.19,2023-03-27
9f2757f1-e95e-4cd3-9a0c-da28ffad7ba9,E0000088,Christmas Bonus,397.99,2024-12-25
107d0338-cc87-403c-90eb-6dc38d112df5,E0000088,Performance Bonus,1715.51,2024-11-23
13130bf3-81d9-40ad-8bd9-313ed3c78db5,E0000088,Performance Bonus,619.73,2025-02-13
c8eb7f6d-12e7-4996-936a-3a67c9a3fc99,E0000089,Christmas Bonus,246.9,2023-12-25
2fdbb016-45b0-4914-b97a-878eca67507e,E0000089,Performance Bonus,806.17,2023-12-11
6fe07a28-3616-45a2-8878-c95b8de0bed2,E0000089,Performance Bonus,1290.91,2024-08-26
f4fb0b4d-5495-4d35-8586-801a3ee7c302,E0000089,Performance Bonus,763.38,2024-02-25
24c5eca5-d89f-4d4d-a500-49cede6a0f1d,E0000090,Christmas Bonus,203.42,2021-12-25
f15a2ff5-7934-4c89-99ad-430e74388889,E0000090,Christmas Bonus,493.08,2022-12-25
9dbced5d-c932-45b4-aad9-1d526954fa05,E0000090,Christmas Bonus,324.89,2023-12-25
e574e383-6a7c-4a06-b7c7-a5230ad2ec90,E0000090,Christmas Bonus,355.22,2024-12-25
44e069e6-5a25-4dc9-976c-364def340c98,E0000090,Performance Bonus,1204.68,2021-09-23
81c5f3b9-3e4c-4de4-a6b7-2400a835b126,E0000090,Performance Bonus,1102.37,2022-10-24
a4118099-cb29-4623-a6e2-1bde5773041f,E0000090,Performance Bonus,781.07,2022-10-03
633e1097-d8ed-4139-b34a-87f660117978,E0000090,Performance Bonus,1525.2,2023-04-11
dc84bb68-b77c-4858-809f-cb500851fe29,E0000090,Performance Bonus,1345.46,2023-10-01
4d12672f-d0ec-4ba0-ae4f-5bb50cfc0ebe,E0000090,Performance Bonus,646.07,2024-07-08
ebfe0cc3-8cc9-484e-8d4e-1b69a99a0a05,E0000090,Performance Bonus,1315.66,2024-09-09
0e492f24-8ec5-4086-b842-4148cf263ca1,E0000090,Performance Bonus,531.75,2024-03-16
1622517a-9252-40ec-b26c-d3329f2fed8d,E0000090,Performance Bonus,1701.03,2025-03-21
49a31e81-dd60-464b-901b-5b427b2de73d,E0000090,Performance Bonus,1723.84,2025-04-18
8d594356-ad9d-49e7-923c-627056c8e86f,E0000090,Retention Bonus,2253.99,2022-09-10
e244611b-0842-4ec4-894f-5e14df9b11e0,E0000091,Christmas Bonus,304.31,2022-12-25
d73afe70-8ef5-45ef-9962-ee7281485a9e,E0000091,Performance Bonus,1695.03,2022-09-27
dda7af1f-f200-4029-a033-f59e7d0655c4,E0000091,Performance Bonus,1891.73,2022-04-16
cc5f55e5-da40-44ca-a99e-b884542f7a16,E0000091,Performance Bonus,1220.81,2022-12-24
a5f5cc4a-2f51-4d1c-985e-1c07e38e5c6b,E0000092,Christmas Bonus,234.75,2021-12-25
457ba767-44a0-474b-a517-b7ab19a6fade,E0000092,Christmas Bonus,420.67,2022-12-25
214f9ff6-e5dc-41bf-adc3-4472bcffafe9,E0000092,Christmas Bonus,470.88,2023-12-25
e2406ecd-cd35-4d76-9e96-3030caa4e732,E0000092,Christmas Bonus,273.36,2024-12-25
ac9322bf-4ba2-4fee-a182-86e0adccca3e,E0000092,Performance Bonus,897.1,2021-11-30
220d3e39-9835-408e-8355-e56b7e312b69,E0000092,Performance Bonus,1294.08,2021-12-07
f7218263-59de-4f60-8ace-af6d788f5b3e,E0000092,Performance Bonus,844.91,2021-12-22
810a03e6-67c4-474c-a211-c90bec2cc12d,E0000092,Performance Bonus,1314.27,2022-01-31
09afec4d-886a-47fe-9df1-73ec8b61f92f,E0000092,Performance Bonus,624.19,2022-10-22
8c16836e-3c4e-4b7d-96e6-d6d9db2fe78c,E0000092,Performance Bonus,1445.21,2022-11-21
1ee75ca4-f123-4bdf-8bbf-109d53148160,E0000092,Performance Bonus,774.17,2023-10-27
8e322c59-6fd5-459f-80c5-074b05c0cc0b,E0000092,Performance Bonus,1410.68,2023-05-16
b36bfbbe-b3e8-48eb-b683-1e207b1a4a32,E0000092,Performance Bonus,1259.96,2023-07-19
ecf6c815-7b05-4bf7-9460-c80730fdd241,E0000092,Performance Bonus,1011.97,2024-06-03
f1297097-add7-4e57-8d49-75e6f66d0f66,E0000092,Performance Bonus,881.18,2024-09-30
17e9b0ee-dfd5-4d5a-9e2c-6761b4469576,E0000092,Performance Bonus,613.65,2024-12-29
2e0bd83b-5a4e-4f6e-95d3-3e6b6a0b8f68,E0000092,Performance Bonus,999.24,2025-03-10
cefe5d81-a4ac-4962-8222-6c6da672308c,E0000092,Performance Bonus,1286.83,2025-01-24
2d401163-a5fb-4edb-b87c-98067e3b61d6,E0000092,Retention Bonus,2661.56,2022-11-28
724c4b16-d62b-4552-ae68-51de76997cf3,E0000093,Christmas Bonus,255.86,2024-12-25
6f8580e6-0ff0-42bf-b2e4-d19e00246f90,E0000093,Performance Bonus,945.54,2024-11-18
7086fd10-8d6d-400c-8858-88a179300054,E0000093,Performance Bonus,558.62,2024-12-04
05f0b264-d554-434d-8648-0ea571772194,E0000093,Performance Bonus,570.0,2024-12-07
c7fccca5-d259-4857-bcd2-d5b98f880b05,E0000093,Performance Bonus,1375.9,2025-01-13
1dbbdd7e-f6e0-42d3-9ace-7d370f6539d7,E0000093,Performance Bonus,1029.31,2025-03-28
1f8d66a9-bdd0-46ef-b04a-f5434a1eee4c,E0000093,Performance Bonus,1326.89,2025-03-06
64ec6b22-30b3-40f5-858e-afe2d8bfbf6e,E0000094,Performance Bonus,1233.92,2025-03-13
d516032d-e259-4e59-ad54-489407e54cb6,E0000094,Sign-On Bonus,574.58,2025-04-01
329e0f64-c9f6-4353-b60f-291b7bdfaa0e,E0000095,Christmas Bonus,237.11,2021-12-25
f555f98f-a861-49b5-8d0f-f240df1e86b9,E0000095,Performance Bonus,1379.56,2021-10-07
6d452df3-8fa5-420d-bca9-4eeb6a14b417,E0000095,Performance Bonus,1684.16,2022-01-01
f8a519da-87e5-4e9a-bf92-8b4581fe75e8,E0000095,Performance Bonus,928.62,2022-01-01
07d7c18a-5024-44b1-9a42-cde366c1289d,E0000096,Christmas Bonus,215.72,2023-12-25
8266d566-375f-4966-978b-4d5d465b499b,E0000096,Christmas Bonus,293.28,2024-12-25
dc251d30-5152-457a-8671-7f4622ea392c,E0000096,Performance Bonus,1504.01,2023-12-09
05ff8ba4-f9f3-452b-b38a-08bc3cd8e6f5,E0000096,Performance Bonus,955.46,2024-09-23
27e998f8-9ce8-4a53-98d9-f116467a61be,E0000096,Performance Bonus,819.29,2024-09-30
9d54d4cc-50f6-46de-a6ff-0fdabd9faa1c,E0000096,Performance Bonus,1382.69,2025-01-20
c503ea99-53ce-4ed7-b9d9-e8e260819e00,E0000096,Retention Bonus,1992.58,2024-12-02
a0471d71-03e7-4a3a-8bab-3f17696db63b,E0000096,Performance Bonus,1829.03,2023-06-20
023c612e-3629-4120-960f-7d392b5f0220,E0000097,Christmas Bonus,356.91,2022-12-25
5678ecfd-790a-4434-8960-8686e883a7e9,E0000097,Christmas Bonus,375.57,2023-12-25
2796beb2-d496-4fc7-937b-8ddf33314164,E0000097,Christmas Bonus,484.84,2024-12-25
99a0f32a-4ab8-44eb-84c8-d5717065d021,E0000097,Performance Bonus,740.41,2022-12-14
0993c2cc-e351-43e3-8698-5b82a09d182e,E0000097,Performance Bonus,1742.33,2022-11-09
3330fb78-a348-4f25-bdd0-3edd250e54fc,E0000097,Performance Bonus,1770.36,2022-04-20
3de58c40-32e3-44c4-83c8-c645d8551a75,E0000097,Performance Bonus,908.29,2023-02-08
dfbccf3d-1731-4ae0-bc45-a2622b8e654b,E0000097,Performance Bonus,1771.46,2024-03-21
440eb36c-617e-4147-a94c-06859eac239c,E0000097,Performance Bonus,1403.59,2025-01-17
93d3cb32-296f-49f9-9a1e-2e793dceb499,E0000097,Performance Bonus,1429.64,2025-02-26
99611772-6bdc-423c-bc82-d96a5fe88a6d,E0000097,Performance Bonus,856.52,2025-01-13
daec357b-6553-4b97-8279-d73dfe2ffb70,E0000097,Retention Bonus,1825.13,2023-03-11
80168af5-6792-4401-ace4-a1bcb8de2063,E0000098,Christmas Bonus,283.0,2023-12-25
0e6f01e1-d9ec-4b57-8ccb-0a68dd38bb27,E0000098,Christmas Bonus,217.67,2024-12-25
ea20e01e-2aaa-4ada-ac0d-d33f9baeecb6,E0000098,Performance Bonus,1406.45,2023-12-15
dfa9c81d-ca9e-4d02-804b-d492cc811fa3,E0000098,Performance Bonus,977.87,2023-12-06
8e9b4ed4-ed40-4cb0-9f2c-21557def7bb7,E0000098,Performance Bonus,1600.69,2024-03-16
f18d90c1-2f9d-4c5b-919b-746ba9767b5b,E0000098,Performance Bonus,1755.81,2025-02-14
48e9a8d4-c632-48a5-b863-ac2feb3d6e71,E0000098,Retention Bonus,1727.63,2024-09-22
97fe7393-bb52-42b8-bc9c-fe8237e28807,E0000099,Christmas Bonus,479.96,2021-12-25
c7e16e82-98f6-493e-b408-01f2570d6895,E0000099,Christmas Bonus,488.04,2022-12-25
0e30e157-08c7-4d90-a881-9afad482926f,E0000099,Christmas Bonus,477.34,2023-12-25
a6163f69-d82a-471b-a35d-7f468ea5c90a,E0000099,Christmas Bonus,394.45,2024-12-25
011d234c-f20c-4694-80db-e246c0f20d94,E0000099,Performance Bonus,1420.52,2021-12-07
a06f1d1b-62d6-40d4-9bab-56d1ac5c89e9,E0000099,Performance Bonus,779.47,2021-11-13
062d2405-d33d-4666-8dff-6eca0f0299c9,E0000099,Performance Bonus,1923.2,2022-03-30
d0c732d6-43ca-4233-8bc3-493d191f37c9,E0000099,Performance Bonus,1038.29,2022-04-21
10adbedf-b7c3-4fec-afa4-8500506022f3,E0000099,Performance Bonus,710.08,2022-06-30
71d9c59c-33b2-4a57-acac-56ecd896f9ee,E0000099,Performance Bonus,1204.08,2023-02-17
c14717a0-3716-46f1-b311-d08c75e1a1f7,E0000099,Performance Bonus,1927.21,2024-06-02
147bf38e-4476-422d-9531-311caca22ec7,E0000099,Performance Bonus,811.46,2025-02-08
12082f86-fa74-4518-a8af-c9447e7727df,E0000099,Retention Bonus,2149.69,2022-09-20
ce6c316c-3908-4961-b69d-a37458db49df,E0000100,Christmas Bonus,344.36,2024-12-25
0658814b-386a-4322-905d-7d40e14a49ff,E0000100,Performance Bonus,1335.07,2024-12-15
6861c822-4312-48ac-a1ea-0ec684a4b103,E0000100,Performance Bonus,1258.47,2024-09-18
1472eef7-6d79-408b-97c3-314ecd096ce7,E0000100,Performance Bonus,1396.25,2025-03-14
